GPU,,Nvidia,Titan Xp,1,166,326,http://gpu.userbenchmark.com/SpeedTest/265423/NVIDIA-TITAN-Xp
GPU,,Nvidia,GTX 1080 Ti,2,156,51321,http://gpu.userbenchmark.com/Nvidia-GTX-1080-Ti/Rating/3918
GPU,11G-P4-6390-KR,EVGA,EVGA GTX 1080 Ti 11GB Founders Edition,2,156,51321,http://gpu.userbenchmark.com/Nvidia-GTX-1080-Ti/Rating/3918
GPU,GV-N108TD5X-B,Nvidia,Gigabyte GTX 1080 Ti 11GB Founders Edition,2,156,51321,http://gpu.userbenchmark.com/Nvidia-GTX-1080-Ti/Rating/3918
GPU,GTX 1080 Ti Founders Edition,Nvidia,MSI GTX 1080 Ti 11GB Founders Edition,2,156,51321,http://gpu.userbenchmark.com/Nvidia-GTX-1080-Ti/Rating/3918
GPU,ZT-P10810A-10P,Nvidia,Zotac GTX 1080 Ti 11GB Founders Edition,2,156,51321,http://gpu.userbenchmark.com/Nvidia-GTX-1080-Ti/Rating/3918
GPU,GTX1080TI-FE,Asus,Asus GTX 1080 Ti 11GB Founders Edition,2,156,51321,http://gpu.userbenchmark.com/Nvidia-GTX-1080-Ti/Rating/3918
GPU,ROG-STRIX-GTX1080TI-O11G-GAMING,Asus,Asus GTX 1080 Ti 11GB Gaming OC,2,156,51321,http://gpu.userbenchmark.com/Nvidia-GTX-1080-Ti/Rating/3918
GPU,GTX 1080 TI GAMING X,MSI,MSI GTX 1080 TI 11GB Gaming X,2,156,51321,http://gpu.userbenchmark.com/Nvidia-GTX-1080-Ti/Rating/3918
GPU,GV-N108TAORUS-11GD,Gigabyte,Gigabyte GTX 1080 Ti 11GB AORUS,2,156,51321,http://gpu.userbenchmark.com/Nvidia-GTX-1080-Ti/Rating/3918
GPU,,Nvidia,Titan X Pascal,3,150,2163,http://gpu.userbenchmark.com/SpeedTest/158352/NVIDIA-TITAN-X-Pascal
GPU,900-1G611-2500-000,Nvidia,NVidia Titan X Pascal 12GB,3,150,2163,http://gpu.userbenchmark.com/SpeedTest/158352/NVIDIA-TITAN-X-Pascal
GPU,,AMD,RX Vega 64-LC (Liquid Cooled),4,125,193,http://gpu.userbenchmark.com/SpeedTest/353890/Radeon-RX-Vega
GPU,GV-RXVEGA64X W-8GD-B,AMD,Gigabyte RX Vega 64 8GB LC,4,125,193,http://gpu.userbenchmark.com/SpeedTest/353890/Radeon-RX-Vega
GPU,21275-00-40G,AMD,Sapphire RX Vega 64 8GB LC,4,125,193,http://gpu.userbenchmark.com/SpeedTest/353890/Radeon-RX-Vega
GPU,RX-VEGMXWFXW,AMD,XFX RX Vega 64 8GB LC,4,125,193,http://gpu.userbenchmark.com/SpeedTest/353890/Radeon-RX-Vega
GPU,,Nvidia,GTX 1080,5,124,135534,http://gpu.userbenchmark.com/Nvidia-GTX-1080/Rating/3603
GPU,08G-P4-6180-KR,EVGA,EVGA GTX 1080 8GB Founders Edition,5,124,135534,http://gpu.userbenchmark.com/Nvidia-GTX-1080/Rating/3603
GPU,GTX1080-8G,Asus,ASUS GTX 1080 8GB Founders Edition,5,124,135534,http://gpu.userbenchmark.com/Nvidia-GTX-1080/Rating/3603
GPU,GEFORCE GTX 1080 Founders Edition,Nvidia,MSI GTX 1080 8GB Founders Edition,5,124,135534,http://gpu.userbenchmark.com/Nvidia-GTX-1080/Rating/3603
GPU,ZT-P10800A-10P,Nvidia,Zotac GTX 1080 8GB Founders Edition,5,124,135534,http://gpu.userbenchmark.com/Nvidia-GTX-1080/Rating/3603
GPU,GV-N1080D5X-8GD-B,Nvidia,Gigabyte GTX 1080 8GB Founders Edition,5,124,135534,http://gpu.userbenchmark.com/Nvidia-GTX-1080/Rating/3603
GPU,08G-P4-6183-KR,EVGA,EVGA GTX 1080 8GB SC GAMING ACX 3.0,5,124,135534,http://gpu.userbenchmark.com/Nvidia-GTX-1080/Rating/3603
GPU,GTX 1080 GAMING X 8G,MSI,MSI GTX 1080 8GB GAMING X,5,124,135534,http://gpu.userbenchmark.com/Nvidia-GTX-1080/Rating/3603
GPU,GV-N1080G1 GAMING-8GD,Gigabyte,Gigabyte GTX 1080 8GB G1 Gaming,5,124,135534,http://gpu.userbenchmark.com/Nvidia-GTX-1080/Rating/3603
GPU,08G-P4-6286-KR,EVGA,EVGA GTX 1080 8GB FTW ACX 3.0,5,124,135534,http://gpu.userbenchmark.com/Nvidia-GTX-1080/Rating/3603
GPU,STRIX-GTX1080-A8G-GAMING,Asus,Asus GTX 1080 8GB ROG STRIX,5,124,135534,http://gpu.userbenchmark.com/Nvidia-GTX-1080/Rating/3603
GPU,STRIX-GTX1080-8G-GAMING,Asus,Asus GTX 1080 8GB ROG STRIX,5,124,135534,http://gpu.userbenchmark.com/Nvidia-GTX-1080/Rating/3603
GPU,ZT-P10800C-10P,Zotac,Zotac GTX 1080 8GB AMP,5,124,135534,http://gpu.userbenchmark.com/Nvidia-GTX-1080/Rating/3603
GPU,ZT-P10800B-10P,Zotac,Zotac GTX 1080 8GB AMP Extreme,5,124,135534,http://gpu.userbenchmark.com/Nvidia-GTX-1080/Rating/3603
GPU,GV-N1080XTREME-8GD,Gigabyte,Gigabyte GTX 1080 8GB Xtreme,5,124,135534,http://gpu.userbenchmark.com/Nvidia-GTX-1080/Rating/3603
GPU,GV-N1080XTREME-8GD Premium Pack,Gigabyte,Gigabyte GTX 1080 8GB Xtreme Pack,5,124,135534,http://gpu.userbenchmark.com/Nvidia-GTX-1080/Rating/3603
GPU,GV-N1080XTREME W-8GD,Gigabyte,Gigabyte GTX 1080 8GB Xtreme Water,5,124,135534,http://gpu.userbenchmark.com/Nvidia-GTX-1080/Rating/3603
GPU,,AMD,RX Vega 64,6,117,862,http://gpu.userbenchmark.com/AMD-RX-Vega-64/Rating/3933
GPU,GV-RXVEGA64-8GD-B,AMD,Gigabyte RX Vega 64 8GB,6,117,862,http://gpu.userbenchmark.com/AMD-RX-Vega-64/Rating/3933
GPU,RX-VEGMTBFX6,AMD,XFX RX Vega 64 8GB,6,117,862,http://gpu.userbenchmark.com/AMD-RX-Vega-64/Rating/3933
GPU,21275-02-20G,AMD,Sapphire RX Vega 64 8GB,6,117,862,http://gpu.userbenchmark.com/AMD-RX-Vega-64/Rating/3933
GPU,,Nvidia,GTX 1070 Ti,7,115,679,http://gpu.userbenchmark.com/Nvidia-GTX-1070-Ti/Rating/3943
GPU,ROG-STRIX-GTX1070TI-A8G-GAMING,Asus,Asus GTX 1070 Ti 8GB STRIX,7,115,679,http://gpu.userbenchmark.com/Nvidia-GTX-1070-Ti/Rating/3943
GPU,GTX 1070 TI GAMING 8G,MSI,MSI GTX 1070 Ti 8GB Gaming,7,115,679,http://gpu.userbenchmark.com/Nvidia-GTX-1070-Ti/Rating/3943
GPU,08G-P4-5671-KR,EVGA,EVGA GTX 1070 Ti 8GB SC GAMING,7,115,679,http://gpu.userbenchmark.com/Nvidia-GTX-1070-Ti/Rating/3943
GPU,GV-N107TGAMING OC-8GD,Gigabyte,Gigabyte GTX 1070 Ti 8GB Gaming,7,115,679,http://gpu.userbenchmark.com/Nvidia-GTX-1070-Ti/Rating/3943
GPU,GTX 1070 TI AERO 8G,MSI,MSI GTX 1070 Ti 8GB Aero,7,115,679,http://gpu.userbenchmark.com/Nvidia-GTX-1070-Ti/Rating/3943
GPU,,AMD,Vega Frontier Edition,8,114,49,http://gpu.userbenchmark.com/AMD-Vega-Frontier-Edition/Rating/3929
GPU,100-506061,AMD,Radeon Vega Frontier Edition Air,8,114,49,http://gpu.userbenchmark.com/AMD-Vega-Frontier-Edition/Rating/3929
GPU,,AMD,RX Vega 56,9,105,507,http://gpu.userbenchmark.com/AMD-RX-Vega-56/Rating/3938
GPU,21276-00-20G,AMD,Sapphire RX Vega 56 8GB,9,105,507,http://gpu.userbenchmark.com/AMD-RX-Vega-56/Rating/3938
GPU,RX-VEGMLBFX6,AMD,XFX RX Vega 56 8GB,9,105,507,http://gpu.userbenchmark.com/AMD-RX-Vega-56/Rating/3938
GPU,GV-RXVEGA56-8GD-B,AMD,Gigabyte RX Vega 56 8GB,9,105,507,http://gpu.userbenchmark.com/AMD-RX-Vega-56/Rating/3938
GPU,,Nvidia,GTX 1080 (Mobile),10,104,1416,http://gpu.userbenchmark.com/SpeedTest/165564/NVIDIA-GeForce-GTX-1080
GPU,,Nvidia,GTX 1070,11,98.9,192080,http://gpu.userbenchmark.com/Nvidia-GTX-1070/Rating/3609
GPU,GTX1070-8G,Asus,ASUS GTX 1070 8GB Founders Edition,11,98.9,192080,http://gpu.userbenchmark.com/Nvidia-GTX-1070/Rating/3609
GPU,ZT-P10700A-10P,Nvidia,ZOTAC GTX 1070 8GB Founders Edition ,11,98.9,192080,http://gpu.userbenchmark.com/Nvidia-GTX-1070/Rating/3609
GPU,VCGGTX10708PB-CG,Nvidia,PNY GTX 1070 8GB Founders Edition,11,98.9,192080,http://gpu.userbenchmark.com/Nvidia-GTX-1070/Rating/3609
GPU,GV-N1070D5-8GD-B,Nvidia,Gigabyte GTX 1070 8GB Founders Edition,11,98.9,192080,http://gpu.userbenchmark.com/Nvidia-GTX-1070/Rating/3609
GPU,MSI GeForce GTX 1070 Founders Edition,Nvidia,MSI GTX 1070 Founders Edition,11,98.9,192080,http://gpu.userbenchmark.com/Nvidia-GTX-1070/Rating/3609
GPU,08G-P4-6170-KR,EVGA,EVGA GTX 1070 8GB Founders Edition,11,98.9,192080,http://gpu.userbenchmark.com/Nvidia-GTX-1070/Rating/3609
GPU,GeForce GTX 1070 GAMING X 8G,MSI,MSI GTX 1070 8GB GAMING X,11,98.9,192080,http://gpu.userbenchmark.com/Nvidia-GTX-1070/Rating/3609
GPU,GTX 1070 GAMING X 8G,MSI,MSI GTX 1070 8GB GAMING X,11,98.9,192080,http://gpu.userbenchmark.com/Nvidia-GTX-1070/Rating/3609
GPU,GV-N1070G1 GAMING-8GD,Gigabyte,Gigabyte GTX 1070 8GB G1 Gaming,11,98.9,192080,http://gpu.userbenchmark.com/Nvidia-GTX-1070/Rating/3609
GPU,GeForce GTX 1070 ARMOR 8G OC,MSI,MSI GTX 1070 8GB ARMOR OC,11,98.9,192080,http://gpu.userbenchmark.com/Nvidia-GTX-1070/Rating/3609
GPU,08G-P4-6173-KR,EVGA,EVGA GTX 1070 8GB SC GAMING,11,98.9,192080,http://gpu.userbenchmark.com/Nvidia-GTX-1070/Rating/3609
GPU,STRIX-GTX1070-O8G-GAMING,Asus,Asus GTX 1070 8GB STRIX OC,11,98.9,192080,http://gpu.userbenchmark.com/Nvidia-GTX-1070/Rating/3609
GPU,08G-P4-6276-KR,EVGA,EVGA GTX 1070 8GB FTW Gaming,11,98.9,192080,http://gpu.userbenchmark.com/Nvidia-GTX-1070/Rating/3609
GPU,STRIX-GTX1070-8G-GAMING,Asus,Asus GTX 1070 8GB STRIX,11,98.9,192080,http://gpu.userbenchmark.com/Nvidia-GTX-1070/Rating/3609
GPU,ZT-P10700B-10P,Zotac,Zotac GTX 1070 8GB AMP! Extreme,11,98.9,192080,http://gpu.userbenchmark.com/Nvidia-GTX-1070/Rating/3609
GPU,GV-N1070WF2OC-8GD,Gigabyte,Gigabyte GTX 1070 8GB Windforce OC,11,98.9,192080,http://gpu.userbenchmark.com/Nvidia-GTX-1070/Rating/3609
GPU,GeForce GTX 1070 GAMING 8G,MSI,MSI GTX 1070 8GB Gaming,11,98.9,192080,http://gpu.userbenchmark.com/Nvidia-GTX-1070/Rating/3609
GPU,DUAL-GTX1070-O8G,Asus,Asus GTX 1070 8GB Dual OC,11,98.9,192080,http://gpu.userbenchmark.com/Nvidia-GTX-1070/Rating/3609
GPU,08G-P4-5173-KR,EVGA,EVGA GTX 1070 8GB SC Gaming ACX 3.0,11,98.9,192080,http://gpu.userbenchmark.com/Nvidia-GTX-1070/Rating/3609
GPU,08G-P4-6171-KR,EVGA,EVGA GTX 1070 8GB Gaming ACX 3.0,11,98.9,192080,http://gpu.userbenchmark.com/Nvidia-GTX-1070/Rating/3609
GPU,08G-P4-6274-KR,EVGA,EVGA GTX 1070 8GB FTW DT Gaming,11,98.9,192080,http://gpu.userbenchmark.com/Nvidia-GTX-1070/Rating/3609
GPU,426018336-3682,Gainward,Gainward GTX 1070 8GB Phoenix GS,11,98.9,192080,http://gpu.userbenchmark.com/Nvidia-GTX-1070/Rating/3609
GPU,GV-N1070XTREME-8GD,Gigabyte,Gigabyte GTX 1070 8GB XTREME,11,98.9,192080,http://gpu.userbenchmark.com/Nvidia-GTX-1070/Rating/3609
GPU,TURBO-GTX1070-8G,Asus,Asus GTX 1070 8GB Turbo,11,98.9,192080,http://gpu.userbenchmark.com/Nvidia-GTX-1070/Rating/3609
GPU,GeForce GTX 1070 SEA HAWK X,MSI,MSI GTX 1070 8GB SEA HAWK X,11,98.9,192080,http://gpu.userbenchmark.com/Nvidia-GTX-1070/Rating/3609
GPU,GV-N1070IXOC-8GD,Gigabyte,Gigabyte GTX 1070 8GB Mini ITX OC,11,98.9,192080,http://gpu.userbenchmark.com/Nvidia-GTX-1070/Rating/3609
GPU,,Nvidia,GTX 980 Ti,12,97.7,63014,http://gpu.userbenchmark.com/Nvidia-GTX-980-Ti/Rating/3439
GPU,06G-P4-4995-KR,EVGA,EVGA GTX 980 Ti 6GB ACX SC+ ACX 2.0+ w/BP,12,97.7,63014,http://gpu.userbenchmark.com/Nvidia-GTX-980-Ti/Rating/3439
GPU,06G-P4-4992-KR,EVGA,EVGA GTX 980 Ti 6GB SC,12,97.7,63014,http://gpu.userbenchmark.com/Nvidia-GTX-980-Ti/Rating/3439
GPU,GTX980TI-6GD5,Asus,ASUS GTX 980 Ti 6GB,12,97.7,63014,http://gpu.userbenchmark.com/Nvidia-GTX-980-Ti/Rating/3439
GPU,GTX 980TI GAMING 6G,MSI,MSI GTX 980 Ti 6GB Gaming,12,97.7,63014,http://gpu.userbenchmark.com/Nvidia-GTX-980-Ti/Rating/3439
GPU,GV-N98TG1 GAMING-6GD,Gigabyte,Gigabyte GTX 980 Ti 6GB GV-N98TG1,12,97.7,63014,http://gpu.userbenchmark.com/Nvidia-GTX-980-Ti/Rating/3439
GPU,GV-N98TWF3OC-6GD,Gigabyte,Gigabyte GTX 980 Ti 6GB Windforce 3X OC,12,97.7,63014,http://gpu.userbenchmark.com/Nvidia-GTX-980-Ti/Rating/3439
GPU,GTX 980Ti GAMING 6G GOLDEN EDITION,MSI,MSI GTX 980 TI 6GB OC GOLDEN LE,12,97.7,63014,http://gpu.userbenchmark.com/Nvidia-GTX-980-Ti/Rating/3439
GPU,06G-P4-0998-KR,EVGA,EVGA GTX 980 Ti 6GB Classified Gaming ACX 2.0+,12,97.7,63014,http://gpu.userbenchmark.com/Nvidia-GTX-980-Ti/Rating/3439
GPU,,Nvidia,GTX Titan X,13,95.7,4274,http://gpu.userbenchmark.com/Nvidia-GTX-Titan-X/Rating/3282
GPU,12G-P4-2992-KR,EVGA,EVGA GTX TITAN X 12GB SC,13,95.7,4274,http://gpu.userbenchmark.com/Nvidia-GTX-Titan-X/Rating/3282
GPU,GTXTITANX-12GD5,Asus,ASUS GTX TITAN X 12GB,13,95.7,4274,http://gpu.userbenchmark.com/Nvidia-GTX-Titan-X/Rating/3282
GPU,12G-P4-2990-KR,EVGA,EVGA GTX TITAN X 12GB,13,95.7,4274,http://gpu.userbenchmark.com/Nvidia-GTX-Titan-X/Rating/3282
GPU,,Nvidia,GTX 1070 (Mobile),14,89.4,1727,http://gpu.userbenchmark.com/SpeedTest/164129/NVIDIA-GeForce-GTX-1070
GPU,,AMD,R9 Fury-X,15,81,3010,http://gpu.userbenchmark.com/AMD-R9-Fury-X/Rating/3498
GPU,R9-FURY-4QFA,AMD,XFX R9 FURY X 4GB,15,81,3010,http://gpu.userbenchmark.com/AMD-R9-Fury-X/Rating/3498
GPU,21246-00-40G,AMD,Sapphire R9 Fury X 4GB ,15,81,3010,http://gpu.userbenchmark.com/AMD-R9-Fury-X/Rating/3498
GPU,GV-R9FURYX-4GD-B,AMD,Gigabyte R9 Fury X 4GB,15,81,3010,http://gpu.userbenchmark.com/AMD-R9-Fury-X/Rating/3498
GPU,,Nvidia,GTX 980,16,76.6,46054,http://gpu.userbenchmark.com/Nvidia-GTX-980/Rating/2576
GPU,04G-P4-2983-KR,EVGA,EVGA GTX 980 4GB SC ACX 2.0,16,76.6,46054,http://gpu.userbenchmark.com/Nvidia-GTX-980/Rating/2576
GPU,GTX 980 GAMING 4G,MSI,MSI GTX 980 4GB GAMING,16,76.6,46054,http://gpu.userbenchmark.com/Nvidia-GTX-980/Rating/2576
GPU,STRIX-GTX980-DC2OC-4GD5,Asus,ASUS GTX 980 4GB STRIX OC,16,76.6,46054,http://gpu.userbenchmark.com/Nvidia-GTX-980/Rating/2576
GPU,,AMD,R9 Fury,17,75.8,4556,http://gpu.userbenchmark.com/AMD-R9-Fury/Rating/3509
GPU,11247-00-40G,Sapphire,Sapphire R9 Fury 4GB TRI-X OC,17,75.8,4556,http://gpu.userbenchmark.com/AMD-R9-Fury/Rating/3509
GPU,100379NTOC+SR,Sapphire,Sapphire R9 Fury 4GB TRI-X OC,17,75.8,4556,http://gpu.userbenchmark.com/AMD-R9-Fury/Rating/3509
GPU,STRIX-R9FURY-DC3-4G-GAMING,Asus,Asus R9 Fury 4GB Gaming,17,75.8,4556,http://gpu.userbenchmark.com/AMD-R9-Fury/Rating/3509
GPU,R9-FURY-4TF9,XFX,XFX R9 Fury 4GB,17,75.8,4556,http://gpu.userbenchmark.com/AMD-R9-Fury/Rating/3509
GPU,11247-03-40G,Sapphire,Sapphire R9 Fury 4GB NITRO,17,75.8,4556,http://gpu.userbenchmark.com/AMD-R9-Fury/Rating/3509
GPU,,Nvidia,GTX 1060-6GB,18,72.5,149255,http://gpu.userbenchmark.com/Nvidia-GTX-1060-6GB/Rating/3639
GPU,06G-P4-6161-KR,EVGA,EVGA GTX 1060 6GB Gaming,18,72.5,149255,http://gpu.userbenchmark.com/Nvidia-GTX-1060-6GB/Rating/3639
GPU,06G-P4-6163-KR,EVGA,EVGA GTX 1060 6GB Gaming SC,18,72.5,149255,http://gpu.userbenchmark.com/Nvidia-GTX-1060-6GB/Rating/3639
GPU,GV-N1060G1GAMING-6GD,Gigabyte,Gigabyte GTX 1060 6GB G1 Gaming,18,72.5,149255,http://gpu.userbenchmark.com/Nvidia-GTX-1060-6GB/Rating/3639
GPU,ZT-P10600B-10M,Zotac,Zotac GTX 1060 6GB AMP,18,72.5,149255,http://gpu.userbenchmark.com/Nvidia-GTX-1060-6GB/Rating/3639
GPU,ZT-P10600A-10L,Zotac,Zotac GTX 1060 6GB Mini,18,72.5,149255,http://gpu.userbenchmark.com/Nvidia-GTX-1060-6GB/Rating/3639
GPU,GeForce GTX 1060 GAMING X 6G,MSI,MSI GTX 1060 6GB Gaming X,18,72.5,149255,http://gpu.userbenchmark.com/Nvidia-GTX-1060-6GB/Rating/3639
GPU,DUAL-GTX1060-O6G,Asus,Asus GTX 1060 6GB Dual OC,18,72.5,149255,http://gpu.userbenchmark.com/Nvidia-GTX-1060-6GB/Rating/3639
GPU,GV-N1060WF2OC-6GD,Gigabyte,Gigabyte GTX 1060 6GB Windforce OC,18,72.5,149255,http://gpu.userbenchmark.com/Nvidia-GTX-1060-6GB/Rating/3639
GPU,STRIX-GTX1060-O6G-GAMING,Asus,Asus GTX 1060 6GB ROG STRIX OC,18,72.5,149255,http://gpu.userbenchmark.com/Nvidia-GTX-1060-6GB/Rating/3639
GPU,TURBO-GTX1060-6G,Asus,Asus GTX 1060 6GB TURBO,18,72.5,149255,http://gpu.userbenchmark.com/Nvidia-GTX-1060-6GB/Rating/3639
GPU,426018336-3736,Gainward, Gainward GTX 1060 6GB Pheonix GS,18,72.5,149255,http://gpu.userbenchmark.com/Nvidia-GTX-1060-6GB/Rating/3639
GPU,GeForce GTX 1060 ARMOR 6G OC,MSI,MSI GTX 1060 6G Armor OC,18,72.5,149255,http://gpu.userbenchmark.com/Nvidia-GTX-1060-6GB/Rating/3639
GPU,STRIX-GTX1060-6G-GAMING,Asus,Asus GTX 1060 6GB ROG STRIX,18,72.5,149255,http://gpu.userbenchmark.com/Nvidia-GTX-1060-6GB/Rating/3639
GPU,VCGGTX10606PB,PNY,PNY GTX 1060 6GB,18,72.5,149255,http://gpu.userbenchmark.com/Nvidia-GTX-1060-6GB/Rating/3639
GPU,VCGGTX10606XGPB-OC,PNY,PNY GTX 1060 6GB OC,18,72.5,149255,http://gpu.userbenchmark.com/Nvidia-GTX-1060-6GB/Rating/3639
GPU,GV-N1060XTREME-6GD,Gigabyte,Gigabyte GTX 1060 6GB Xtreme Gaming,18,72.5,149255,http://gpu.userbenchmark.com/Nvidia-GTX-1060-6GB/Rating/3639
GPU,,AMD,R9 Nano,19,71.4,195,http://gpu.userbenchmark.com/SpeedTest/58413/AMD-Radeon-TM-R9-Fury
GPU,R9NANO-4GB,Asus,Asus R9 Nano 4GB,19,71.4,195,http://gpu.userbenchmark.com/SpeedTest/58413/AMD-Radeon-TM-R9-Fury
GPU,R9NANO-4G-WHITE,Asus,Asus R9 Nano 4GB White,19,71.4,195,http://gpu.userbenchmark.com/SpeedTest/58413/AMD-Radeon-TM-R9-Fury
GPU,GV-R9NANO-4GD-B,Gigabyte,Gigabyte R9 Nano 4GB,19,71.4,195,http://gpu.userbenchmark.com/SpeedTest/58413/AMD-Radeon-TM-R9-Fury
GPU,,AMD,R9 390X,20,70.9,8775,http://gpu.userbenchmark.com/AMD-R9-390X/Rating/3497
GPU,R9 390X GAMING 8G,MSI,MSI R9 390X 8GB Gaming,20,70.9,8775,http://gpu.userbenchmark.com/AMD-R9-390X/Rating/3497
GPU,11241-00-20G,Sapphire,Sapphire R9 390X 8GB TRIPLE Tri-X OC,20,70.9,8775,http://gpu.userbenchmark.com/AMD-R9-390X/Rating/3497
GPU,GV-R939XG1 GAMING-8GD,Gigabyte,Gigabyte R9 390X 8GB G1 Gaming,20,70.9,8775,http://gpu.userbenchmark.com/AMD-R9-390X/Rating/3497
GPU,R9-390X-F28M,XFX,XFX R9 390X 8GB Double Dissipation,20,70.9,8775,http://gpu.userbenchmark.com/AMD-R9-390X/Rating/3497
GPU,,Nvidia,GTX 780 Ti,21,70.3,10164,http://gpu.userbenchmark.com/Nvidia-GTX-780-Ti/Rating/2165
GPU,,AMD,RX 580,22,69.9,11442,http://gpu.userbenchmark.com/AMD-RX-580/Rating/3923
GPU,RX 580 GAMING X 8G,MSI,MSI RX 580 8GB Gaming X,22,69.9,11442,http://gpu.userbenchmark.com/AMD-RX-580/Rating/3923
GPU,RX 580 GAMING X 4G,MSI,MSI RX 580 4GB Gaming X,22,69.9,11442,http://gpu.userbenchmark.com/AMD-RX-580/Rating/3923
GPU,GV-RX580XTRAORUS-8GD,Gigabyte,Gigabyte RX 580 8GB AORUS XTR,22,69.9,11442,http://gpu.userbenchmark.com/AMD-RX-580/Rating/3923
GPU,RX 580 ARMOR 8G OC,MSI,MSI RX 580  8G Armor OC,22,69.9,11442,http://gpu.userbenchmark.com/AMD-RX-580/Rating/3923
GPU,RX 580 ARMOR 4G OC,MSI,MSI RX 580  4G Armor OC,22,69.9,11442,http://gpu.userbenchmark.com/AMD-RX-580/Rating/3923
GPU,ROG-STRIX-RX580-O8G-GAMING,Asus,Asus RX 580 8GB ROG Strix,22,69.9,11442,http://gpu.userbenchmark.com/AMD-RX-580/Rating/3923
GPU,GV-RX580GAMING-8GD,Gigabyte,Gigabyte RX 580 8GB Gaming,22,69.9,11442,http://gpu.userbenchmark.com/AMD-RX-580/Rating/3923
GPU,GV-RX580AORUS-8GD,Gigabyte,Gigabyte RX 580 8GB AORUS,22,69.9,11442,http://gpu.userbenchmark.com/AMD-RX-580/Rating/3923
GPU,11265-05-20G,null,Sapphire RX 580 8GB Pulse,22,69.9,11442,http://gpu.userbenchmark.com/AMD-RX-580/Rating/3923
GPU,,Nvidia,GTX Titan Black,23,67.5,694,http://gpu.userbenchmark.com/Nvidia-GTX-Titan-Black/Rating/3158
GPU,,Nvidia,GTX Titan Z (SLI Disabled),24,67.4,252,http://gpu.userbenchmark.com/SpeedTest/17751/NVIDIA-GeForce-GTX-TITAN-Z
GPU,,Nvidia,GTX 1060-3GB,25,67.4,54694,http://gpu.userbenchmark.com/Nvidia-GTX-1060-3GB/Rating/3646
GPU,DUAL-GTX1060-O3G,Asus,Asus GTX 1060 3GB Dual OC,25,67.4,54694,http://gpu.userbenchmark.com/Nvidia-GTX-1060-3GB/Rating/3646
GPU,ZT-P10610A-10L,Zotac,Zotac GTX 1060 3GB Mini,25,67.4,54694,http://gpu.userbenchmark.com/Nvidia-GTX-1060-3GB/Rating/3646
GPU,03G-P4-6160-KR,EVGA,EVGA GTX 1060 3GB Gaming,25,67.4,54694,http://gpu.userbenchmark.com/Nvidia-GTX-1060-3GB/Rating/3646
GPU,03G-P4-6162-KR,EVGA,EVGA GTX 1060 3GB SC Gaming,25,67.4,54694,http://gpu.userbenchmark.com/Nvidia-GTX-1060-3GB/Rating/3646
GPU,GeForce GTX 1060 GAMING X 3G,MSI,MSI GTX 1060 3GB Gaming X,25,67.4,54694,http://gpu.userbenchmark.com/Nvidia-GTX-1060-3GB/Rating/3646
GPU,GTX 1060 GAMING X 3G,MSI,MSI GTX 1060 3GB Gaming X,25,67.4,54694,http://gpu.userbenchmark.com/Nvidia-GTX-1060-3GB/Rating/3646
GPU,GV-N1060WF2OC-3GD,Gigabyte,Gigabyte GTX 1060 3GB Windforce OC,25,67.4,54694,http://gpu.userbenchmark.com/Nvidia-GTX-1060-3GB/Rating/3646
GPU,GV-N1060G1GAMING-3GD,Gigabyte,Gigabyte GTX 1060 3GB G1 Gaming,25,67.4,54694,http://gpu.userbenchmark.com/Nvidia-GTX-1060-3GB/Rating/3646
GPU,GV-N1060IXOC-3GD,Gigabyte,Gigabyte GTX 1060 3GB Mini ITX OC,25,67.4,54694,http://gpu.userbenchmark.com/Nvidia-GTX-1060-3GB/Rating/3646
GPU,GTX 1060 3GT OC,MSI,MSI GTX 1060 3GB 3GT OC,25,67.4,54694,http://gpu.userbenchmark.com/Nvidia-GTX-1060-3GB/Rating/3646
GPU,GTX 1060 ARMOR 3G OCV1,MSI,MSI GTX 1060 3GB ARMOR 3G OCV1,25,67.4,54694,http://gpu.userbenchmark.com/Nvidia-GTX-1060-3GB/Rating/3646
GPU,,AMD,R9 290X,26,67.2,13462,http://gpu.userbenchmark.com/AMD-R9-290X/Rating/2166
GPU,11226-00-40G,Sapphire,Sapphire R9 290X 4GB TRI-X OC,26,67.2,13462,http://gpu.userbenchmark.com/AMD-R9-290X/Rating/2166
GPU,R9290X-DC2OC-4GD5,Asus,Asus R9 290X 4GB DirectCU II,26,67.2,13462,http://gpu.userbenchmark.com/AMD-R9-290X/Rating/2166
GPU,R9290XEDFD,XFX,XFX R9 290X 4GB Double Dissipation,26,67.2,13462,http://gpu.userbenchmark.com/AMD-R9-290X/Rating/2166
GPU,,AMD,R9 295X2 (CrossFire Disabled),27,66,1115,http://gpu.userbenchmark.com/SpeedTest/11791/AMD-Radeon-R9-200
GPU,,AMD,R9 390,28,65.5,32956,http://gpu.userbenchmark.com/AMD-R9-390/Rating/3481
GPU,R9 390 GAMING 8G,MSI,MSI R9 390 8GB Gaming,28,65.5,32956,http://gpu.userbenchmark.com/AMD-R9-390/Rating/3481
GPU,R9-390P-D28M,XFX,XFX R9 390 8GB Black,28,65.5,32956,http://gpu.userbenchmark.com/AMD-R9-390/Rating/3481
GPU,R9-390P-8256,XFX,XFX R9 390 8GB Double Dissipation,28,65.5,32956,http://gpu.userbenchmark.com/AMD-R9-390/Rating/3481
GPU,R9-390P-F28M,XFX,XFX R9 390 8GB Double Dissipation,28,65.5,32956,http://gpu.userbenchmark.com/AMD-R9-390/Rating/3481
GPU,R9-390P-8DF6,XFX,XFX R9 390 8GB Black Nero,28,65.5,32956,http://gpu.userbenchmark.com/AMD-R9-390/Rating/3481
GPU,11244-01-20G,Sapphire,Sapphire R9 390 8GB Nitro Tri-X OC +BP,28,65.5,32956,http://gpu.userbenchmark.com/AMD-R9-390/Rating/3481
GPU,11244-00-20G,Sapphire,Sapphire R9 390 8GB Nitro Tri-X OC,28,65.5,32956,http://gpu.userbenchmark.com/AMD-R9-390/Rating/3481
GPU,STRIX-R9390-DC3OC-8GD5-GAMING,Asus,Asus R9 390 8GB STRIX,28,65.5,32956,http://gpu.userbenchmark.com/AMD-R9-390/Rating/3481
GPU,,AMD,RX 480,29,64.1,68797,http://gpu.userbenchmark.com/AMD-RX-480/Rating/3634
GPU,21260-00-20G,AMD,Sapphire RX 480 8GB,29,64.1,68797,http://gpu.userbenchmark.com/AMD-RX-480/Rating/3634
GPU,RX-480M4BFA6,AMD,XFX RX 480 4GB 1266 MHz,29,64.1,68797,http://gpu.userbenchmark.com/AMD-RX-480/Rating/3634
GPU,21260-01-20G,AMD,Sapphire RX 480 4GB,29,64.1,68797,http://gpu.userbenchmark.com/AMD-RX-480/Rating/3634
GPU,Radeon RX 480 8G,AMD,MSI RX 480 8GB,29,64.1,68797,http://gpu.userbenchmark.com/AMD-RX-480/Rating/3634
GPU,RX-480M8BBA6,XFX,XFX RX 480 8GB 1328 MHz,29,64.1,68797,http://gpu.userbenchmark.com/AMD-RX-480/Rating/3634
GPU,RX480M8BFA6,XFX,XFX RX 480 8GB 1288 MHz,29,64.1,68797,http://gpu.userbenchmark.com/AMD-RX-480/Rating/3634
GPU,RX-480P8DFA6,XFX,XFX RX 480 8GB LED 1288 MHz,29,64.1,68797,http://gpu.userbenchmark.com/AMD-RX-480/Rating/3634
GPU,RX-480P836BM,XFX,XFX RX 480 8GB XXX 1288 MHz,29,64.1,68797,http://gpu.userbenchmark.com/AMD-RX-480/Rating/3634
GPU,RX-480P8DBA6,XFX,XFX RX 480 8GB Black 1338 MHz,29,64.1,68797,http://gpu.userbenchmark.com/AMD-RX-480/Rating/3634
GPU,RX-480P4JFC6,XFX,XFX RX 480 4GB RS,29,64.1,68797,http://gpu.userbenchmark.com/AMD-RX-480/Rating/3634
GPU,RX-480P8LFB6,XFX,XFX RX 480 8GB RS XXX 1288 MHz,29,64.1,68797,http://gpu.userbenchmark.com/AMD-RX-480/Rating/3634
GPU,RX480-8G,Asus,Asus RX 480 8GB,29,64.1,68797,http://gpu.userbenchmark.com/AMD-RX-480/Rating/3634
GPU,11260-07-20G,Sapphire,Sapphire RX 480 8GB NITRO+,29,64.1,68797,http://gpu.userbenchmark.com/AMD-RX-480/Rating/3634
GPU,11260-02-20G,Sapphire,Sapphire RX 480 4GB NITRO+,29,64.1,68797,http://gpu.userbenchmark.com/AMD-RX-480/Rating/3634
GPU,100406NT+4GOCL,Sapphire,Sapphire RX 480 4GB NITRO+,29,64.1,68797,http://gpu.userbenchmark.com/AMD-RX-480/Rating/3634
GPU,11260-01-20G,Sapphire,Sapphire RX 480 8GB NITRO+,29,64.1,68797,http://gpu.userbenchmark.com/AMD-RX-480/Rating/3634
GPU,AXRX480 8GBD5-3DH/OC,PowerColor,PowerColor RX 480 8GB Red Devil,29,64.1,68797,http://gpu.userbenchmark.com/AMD-RX-480/Rating/3634
GPU,Radeon RX 480 GAMING X 8G,MSI,MSI RX 480 8GB Gaming X,29,64.1,68797,http://gpu.userbenchmark.com/AMD-RX-480/Rating/3634
GPU,Radeon RX 480 GAMING X 4G,MSI,MSI RX 480 4GB Gaming X,29,64.1,68797,http://gpu.userbenchmark.com/AMD-RX-480/Rating/3634
GPU,RX 480 ARMOR 8G OC,MSI,MSI RX 480 8GB Armor OC,29,64.1,68797,http://gpu.userbenchmark.com/AMD-RX-480/Rating/3634
GPU,RX 480 ARMOR 4G OC,MSI,MSI RX 480 4GB Armor OC,29,64.1,68797,http://gpu.userbenchmark.com/AMD-RX-480/Rating/3634
GPU,STRIX-RX480-O8G-GAMING,Asus,Asus RX 480 8GB ROG STRIX OC,29,64.1,68797,http://gpu.userbenchmark.com/AMD-RX-480/Rating/3634
GPU,,Nvidia,GTX 970,30,63.3,205163,http://gpu.userbenchmark.com/Nvidia-GTX-970/Rating/2577
GPU,GTX 970 GAMING 4G,MSI,MSI GTX 970 4GB Gaming,30,63.3,205163,http://gpu.userbenchmark.com/Nvidia-GTX-970/Rating/2577
GPU,STRIX-GTX970-DC20C-4GD5,Asus,ASUS GTX 970 4GB STRIX OC,30,63.3,205163,http://gpu.userbenchmark.com/Nvidia-GTX-970/Rating/2577
GPU,04G-P4-2974-KR,EVGA,EVGA GTX 970 4GB Super Clocked ACX 2.0,30,63.3,205163,http://gpu.userbenchmark.com/Nvidia-GTX-970/Rating/2577
GPU,GV-N970G1 GAMING-4GD,Gigabyte,Gigabyte GTX 970 4GB G1 Gaming,30,63.3,205163,http://gpu.userbenchmark.com/Nvidia-GTX-970/Rating/2577
GPU,GV-N970WF3OC-4GD,Gigabyte,Gigabyte GTX 970 4GB OC Windforce,30,63.3,205163,http://gpu.userbenchmark.com/Nvidia-GTX-970/Rating/2577
GPU,04G-P4-3975-KR,EVGA,EVGA GTX 970 4GB SSC ACX 2.0+,30,63.3,205163,http://gpu.userbenchmark.com/Nvidia-GTX-970/Rating/2577
GPU,TURBO-GTX970-OC-4GD5,Asus,Asus GTX 970 4GB Turbo OC,30,63.3,205163,http://gpu.userbenchmark.com/Nvidia-GTX-970/Rating/2577
GPU,04G-P4-3978-KR,EVGA,EVGA GTX 970 4GB FTW+ GAMING ACX 2.0+ w/BP,30,63.3,205163,http://gpu.userbenchmark.com/Nvidia-GTX-970/Rating/2577
GPU,ZT-90101-10P,Zotac,Zotac GTX 970 4GB Graphics Card,30,63.3,205163,http://gpu.userbenchmark.com/Nvidia-GTX-970/Rating/2577
GPU,,Nvidia,GTX Titan,31,62.1,1748,http://gpu.userbenchmark.com/Nvidia-GTX-Titan/Rating/2191
GPU,,AMD,R9 290,32,61.9,23174,http://gpu.userbenchmark.com/AMD-R9-290/Rating/2171
GPU,11227-13-20G,Sapphire,Sapphire R9 290 4GB TRI-X OC,32,61.9,23174,http://gpu.userbenchmark.com/AMD-R9-290/Rating/2171
GPU,R9290AEDFD,XFX,XFX R9 290 4GB Double Dissipation,32,61.9,23174,http://gpu.userbenchmark.com/AMD-R9-290/Rating/2171
GPU,R9290AEDBD,XFX,XFX R9 290 4GB Black Double Dissipation,32,61.9,23174,http://gpu.userbenchmark.com/AMD-R9-290/Rating/2171
GPU,R9 290 GAMING 4G,MSI,MSI R9 290 4GB GAMING,32,61.9,23174,http://gpu.userbenchmark.com/AMD-R9-290/Rating/2171
GPU,11227-04-40G,Sapphire,Sapphire R9 290 4GB VAPOR-X TRI-X OC,32,61.9,23174,http://gpu.userbenchmark.com/AMD-R9-290/Rating/2171
GPU,,Nvidia,GTX 780,33,61.7,19163,http://gpu.userbenchmark.com/Nvidia-GTX-780/Rating/2164
GPU,,Nvidia,GTX 780 4GB,34,59.6,398,http://gpu.userbenchmark.com/SpeedTest/11282/NVIDIA-GeForce-GTX-780
GPU,,AMD,RX 570,35,59.3,1430,http://gpu.userbenchmark.com/AMD-RX-570/Rating/3924
GPU,RX 570 ARMOR 4G OC,MSI,MSI RX 570 4G Armor OC,35,59.3,1430,http://gpu.userbenchmark.com/AMD-RX-570/Rating/3924
GPU,RX 570 GAMING X 4G,MSI,MSI RX 570 4GB Gaming X,35,59.3,1430,http://gpu.userbenchmark.com/AMD-RX-570/Rating/3924
GPU,GV-RX570GAMING-4GD,Gigabyte,Gigabyte RX 570 4GB Gaming,35,59.3,1430,http://gpu.userbenchmark.com/AMD-RX-570/Rating/3924
GPU,GV-RX570AORUS-4GD,Gigabyte,Gigabyte RX 570 4GB AORUS,35,59.3,1430,http://gpu.userbenchmark.com/AMD-RX-570/Rating/3924
GPU,,Nvidia,GTX 1060 (Mobile),36,57.6,5909,http://gpu.userbenchmark.com/SpeedTest/164336/NVIDIA-GeForce-GTX-1060
GPU,,Nvidia,Quadro K6000,37,56.3,128,http://gpu.userbenchmark.com/Nvidia-Quadro-K6000/Rating/2837
GPU,,AMD,RX 470,38,56.1,15901,http://gpu.userbenchmark.com/AMD-RX-470/Rating/3640
GPU,Radeon RX 470 GAMING X 4G,MSI,MSI RX 470 4GB Gaming X,38,56.1,15901,http://gpu.userbenchmark.com/AMD-RX-470/Rating/3640
GPU,Radeon RX 470 GAMING X 8G,MSI,MSI RX 470 8GB Gaming X,38,56.1,15901,http://gpu.userbenchmark.com/AMD-RX-470/Rating/3640
GPU,11256-02-20G,Sapphire,Sapphire RX 470 8GB NITRO+,38,56.1,15901,http://gpu.userbenchmark.com/AMD-RX-470/Rating/3640
GPU,11256-01-20G,Sapphire,Sapphire RX 470 4GB NITRO+,38,56.1,15901,http://gpu.userbenchmark.com/AMD-RX-470/Rating/3640
GPU,11256-00-20G,Sapphire,Sapphire RX 470 4GB,38,56.1,15901,http://gpu.userbenchmark.com/AMD-RX-470/Rating/3640
GPU,100407-4GOCL,Sapphire,Sapphire RX 470 4GB,38,56.1,15901,http://gpu.userbenchmark.com/AMD-RX-470/Rating/3640
GPU,STRIX-RX470-O4G-GAMING,Asus,Asus RX 470 4GB ROG STRIX OC,38,56.1,15901,http://gpu.userbenchmark.com/AMD-RX-470/Rating/3640
GPU,GV-RX470G1 GAMING-4GD,Gigabyte,Gigabyte RX 470 4GB G1 Gaming,38,56.1,15901,http://gpu.userbenchmark.com/AMD-RX-470/Rating/3640
GPU,AXRX 470 4GBD5-3DH/OC,PowerColor,PowerColor RX 470 4GB Red Devil/Dragon,38,56.1,15901,http://gpu.userbenchmark.com/AMD-RX-470/Rating/3640
GPU,HS-470R4LCNR/HS-470R4LTNR,PwrHis,HIS RX 470 4GB IceQ XÂ² OC,38,56.1,15901,http://gpu.userbenchmark.com/AMD-RX-470/Rating/3640
GPU,RX-470P4SFD5,XFX,XFX RX 470 4GB Single Fan,38,56.1,15901,http://gpu.userbenchmark.com/AMD-RX-470/Rating/3640
GPU,RX-470P4LFB6,XFX,XFX RX 470 4GB Black,38,56.1,15901,http://gpu.userbenchmark.com/AMD-RX-470/Rating/3640
GPU,Radeon RX 470 ARMOR 4G OC,MSI,MSI RX 470 4GB ARMOR OC,38,56.1,15901,http://gpu.userbenchmark.com/AMD-RX-470/Rating/3640
GPU,,Nvidia,GTX 980M,39,51.5,5225,http://gpu.userbenchmark.com/SpeedTest/15596/NVIDIA-GeForce-GTX-980M
GPU,,AMD,R9 380X,40,49.3,5958,http://gpu.userbenchmark.com/AMD-R9-380X/Rating/3532
GPU,R9-380X-F24M,XFX,XFX R9 380X 4GB Black DD XXX OC,40,49.3,5958,http://gpu.userbenchmark.com/AMD-R9-380X/Rating/3532
GPU,11250-01-20G,Sapphire,Sapphire R9 380X 4GB Nitro Dual-X OC,40,49.3,5958,http://gpu.userbenchmark.com/AMD-R9-380X/Rating/3532
GPU,GV-R938XG1 GAMING-4GD,Gigabyte,Gigabyte R9 380X 4GB Gaming,40,49.3,5958,http://gpu.userbenchmark.com/AMD-R9-380X/Rating/3532
GPU,AXR9 280X 3GBD5-T2DHE/OC,PowerColor,PowerColor R9 280X 3GB OC,40,49.3,5958,http://gpu.userbenchmark.com/AMD-R9-380X/Rating/3532
GPU,,Nvidia,GTX 770,41,48.3,40216,http://gpu.userbenchmark.com/Nvidia-GTX-770/Rating/2174
GPU,,AMD,HD 7970,42,47.5,3119,http://gpu.userbenchmark.com/AMD-HD-7970/Rating/2163
GPU,,AMD,R9 280X,43,46.1,36180,http://gpu.userbenchmark.com/AMD-R9-280X/Rating/2192
GPU,11221-00-20G,Sapphire,Sapphire R9 280X 3GB Dual-X OC,43,46.1,36180,http://gpu.userbenchmark.com/AMD-R9-280X/Rating/2192
GPU,11221-20-20G,Sapphire,Sapphire R9 280X 3GB VAPOR-X,43,46.1,36180,http://gpu.userbenchmark.com/AMD-R9-280X/Rating/2192
GPU,11221-01-40G,Sapphire,Sapphire R9 280X 3GB TOXIC,43,46.1,36180,http://gpu.userbenchmark.com/AMD-R9-280X/Rating/2192
GPU,GV-R928XOC-3GD REV3,Gigabyte,Gigabyte R9 280X 3GB WINDFORCE OC REV3,43,46.1,36180,http://gpu.userbenchmark.com/AMD-R9-280X/Rating/2192
GPU,,Nvidia,GeForce GTX 690 (SLI Disabled),44,45.9,1932,http://gpu.userbenchmark.com/SpeedTest/8241/NVIDIA-GeForce-GTX-690
GPU,,Nvidia,GTX 680,45,45.1,11075,http://gpu.userbenchmark.com/Nvidia-GTX-680/Rating/3148
GPU,,AMD,HD 7990 (CrossFire Disabled),46,44.4,527,http://gpu.userbenchmark.com/SpeedTest/7985/AMD-Radeon-HD-7900
GPU,,AMD,R9 380,47,44.4,24178,http://gpu.userbenchmark.com/AMD-R9-380/Rating/3482
GPU,R9 380 GAMING 4G,MSI,MSI R9 380 GAMING 4GB,47,44.4,24178,http://gpu.userbenchmark.com/AMD-R9-380/Rating/3482
GPU,11242-13-20G,Sapphire,Sapphire R9 380 4GB NITRO,47,44.4,24178,http://gpu.userbenchmark.com/AMD-R9-380/Rating/3482
GPU,11242-02-20G,Sapphire,Sapphire R9 380 2GB Dual-X OC,47,44.4,24178,http://gpu.userbenchmark.com/AMD-R9-380/Rating/3482
GPU,11242-00-20G,Sapphire,Sapphire R9 380 2GB Dual-X OC,47,44.4,24178,http://gpu.userbenchmark.com/AMD-R9-380/Rating/3482
GPU,GV-R938G1 GAMING-4GD,Gigabyte,Gigabyte R9 380 4GB G1,47,44.4,24178,http://gpu.userbenchmark.com/AMD-R9-380/Rating/3482
GPU,GV-R938WF2-4GD,Gigabyte,Gigabyte R9 380 4GB G1 Windforce,47,44.4,24178,http://gpu.userbenchmark.com/AMD-R9-380/Rating/3482
GPU,R9-380P-2DF5,XFX,XFX R9 380 2GB DD Edition 2DF5,47,44.4,24178,http://gpu.userbenchmark.com/AMD-R9-380/Rating/3482
GPU,R9-380P-F22M,XFX,XFX R9 380 2GB DD Edition F22M,47,44.4,24178,http://gpu.userbenchmark.com/AMD-R9-380/Rating/3482
GPU,R9-380P-4255,XFX,XFX R9 380 4GB DD Edition 4255,47,44.4,24178,http://gpu.userbenchmark.com/AMD-R9-380/Rating/3482
GPU,R9-380P-4DF5,XFX,XFX R9 380 4GB 4DF5,47,44.4,24178,http://gpu.userbenchmark.com/AMD-R9-380/Rating/3482
GPU,STRIX-R9380-DC2OC-2GD5-GAMING,Asus,Asus R9 380 2GB STRIX,47,44.4,24178,http://gpu.userbenchmark.com/AMD-R9-380/Rating/3482
GPU,STRIX-R9380-DC2OC-4GD5-GAMING,Asus,Asus R9 380  4GB STRIX GAMING,47,44.4,24178,http://gpu.userbenchmark.com/AMD-R9-380/Rating/3482
GPU,AXR9 380 4GBD5-PPDHE,PowerColor,PowerColor R9 380 4GB PCS+,47,44.4,24178,http://gpu.userbenchmark.com/AMD-R9-380/Rating/3482
GPU,,AMD,R9 285,48,42.9,1704,http://gpu.userbenchmark.com/AMD-R9-285/Rating/3174
GPU,R9 285 GAMING 2G,MSI,MSI R9 285 2GB GAMING,48,42.9,1704,http://gpu.userbenchmark.com/AMD-R9-285/Rating/3174
GPU,11235-03-20G,Sapphire,Sapphire R9 285 2GB Dual-X OC,48,42.9,1704,http://gpu.userbenchmark.com/AMD-R9-285/Rating/3174
GPU,AXR9 285 2GBD5-TDHE,PowerColor,PowerColor R9 285 2GB Turbo Duo,48,42.9,1704,http://gpu.userbenchmark.com/AMD-R9-285/Rating/3174
GPU,,Nvidia,Quadro K5200,49,41.1,248,http://gpu.userbenchmark.com/SpeedTest/20811/NVIDIA-Quadro-K5200
GPU,,Nvidia,GTX 960,50,41,100351,http://gpu.userbenchmark.com/Nvidia-GTX-960/Rating/3165
GPU,02G-P4-2966-KR,EVGA,EVGA GTX 960 2GB SuperSC ACX 2.0+,50,41,100351,http://gpu.userbenchmark.com/Nvidia-GTX-960/Rating/3165
GPU,STRIX-GTX960-DC2OC-2GD5,Asus,ASUS GTX 960 2GB STRIX,50,41,100351,http://gpu.userbenchmark.com/Nvidia-GTX-960/Rating/3165
GPU,GTX 960 GAMING 2G,MSI,MSI GTX 960 2GB Gaming,50,41,100351,http://gpu.userbenchmark.com/Nvidia-GTX-960/Rating/3165
GPU,GTX 960 GAMING 4G,MSI,MSI GTX 960 4GB Gaming,50,41,100351,http://gpu.userbenchmark.com/Nvidia-GTX-960/Rating/3165
GPU,04G-P4-3967-KR,EVGA,EVGA GTX 960 4GB SuperSC ACX 2.0 Backplate,50,41,100351,http://gpu.userbenchmark.com/Nvidia-GTX-960/Rating/3165
GPU,GV-N960WF2OC-2GD,Gigabyte,Gigabyte GTX 960 2GB Windforce 2X,50,41,100351,http://gpu.userbenchmark.com/Nvidia-GTX-960/Rating/3165
GPU,GV-N960OC-4GD,Gigabyte,Gigabyte GTX 960 2GB OC,50,41,100351,http://gpu.userbenchmark.com/Nvidia-GTX-960/Rating/3165
GPU,STRIX-GTX960-DC2OC-4GD5,Asus,ASUS GTX 960 4GB STRIX,50,41,100351,http://gpu.userbenchmark.com/Nvidia-GTX-960/Rating/3165
GPU,04G-P4-3969-KR,EVGA,EVGA GTX 960 4GB FTW GAMING ACX 2.0+,50,41,100351,http://gpu.userbenchmark.com/Nvidia-GTX-960/Rating/3165
GPU,,Nvidia,GTX 670,51,39.8,16716,http://gpu.userbenchmark.com/Nvidia-GTX-670/Rating/2181
GPU,,AMD,R9 280,52,39.6,14763,http://gpu.userbenchmark.com/AMD-R9-280/Rating/2241
GPU,11230-00-20G,Sapphire,Sapphire R9 280 3GB Dual-X,52,39.6,14763,http://gpu.userbenchmark.com/AMD-R9-280/Rating/2241
GPU,R9280ATDFD,XFX,XFX R9 280 3GB Double Dissipation,52,39.6,14763,http://gpu.userbenchmark.com/AMD-R9-280/Rating/2241
GPU,R9280ATDBD,XFX,XFX R9 280 3GB Double Dissipation Black,52,39.6,14763,http://gpu.userbenchmark.com/AMD-R9-280/Rating/2241
GPU,,Nvidia,GTX 1050 Ti,53,39.2,66289,http://gpu.userbenchmark.com/Nvidia-GTX-1050-Ti/Rating/3649
GPU,04G-P4-6253-KR,EVGA,EVGA GTX 1050 Ti 4GB SC Single Fan,53,39.2,66289,http://gpu.userbenchmark.com/Nvidia-GTX-1050-Ti/Rating/3649
GPU,04G-P4-6251-KR,EVGA,EVGA GTX 1050 Ti 4GB Gaming Single Fan,53,39.2,66289,http://gpu.userbenchmark.com/Nvidia-GTX-1050-Ti/Rating/3649
GPU,04G-P4-6255-KR,EVGA,EVGA GTX 1050 Ti 4GB SSC GAMING ACX 3.0,53,39.2,66289,http://gpu.userbenchmark.com/Nvidia-GTX-1050-Ti/Rating/3649
GPU,GTX 1050 TI 4G OC,MSI,MSI GTX 1050 Ti 4GB OC,53,39.2,66289,http://gpu.userbenchmark.com/Nvidia-GTX-1050-Ti/Rating/3649
GPU,GTX 1050 TI 4GT OC,MSI,MSI GTX 1050 Ti 4GB OC Twin,53,39.2,66289,http://gpu.userbenchmark.com/Nvidia-GTX-1050-Ti/Rating/3649
GPU,GV-N105TOC-4GD,Gigabyte,Gigabyte GTX 1050 Ti 4GB OC,53,39.2,66289,http://gpu.userbenchmark.com/Nvidia-GTX-1050-Ti/Rating/3649
GPU,ZT-P10510A-10L,Zotac,Zotac GTX 1050 Ti 4GB Mini,53,39.2,66289,http://gpu.userbenchmark.com/Nvidia-GTX-1050-Ti/Rating/3649
GPU,ZT-P10510B-10L,Zotac,Zotac GTX 1050 Ti 4GB Twin,53,39.2,66289,http://gpu.userbenchmark.com/Nvidia-GTX-1050-Ti/Rating/3649
GPU, GV-N105TWF2OC-4GD,Gigabyte,Gigabyte GTX 1050 Ti 4GB Twin,53,39.2,66289,http://gpu.userbenchmark.com/Nvidia-GTX-1050-Ti/Rating/3649
GPU,GeForce GTX 1050 TI GAMING X 4G,MSI,MSI GTX 1050 Ti 4GB GAMING X,53,39.2,66289,http://gpu.userbenchmark.com/Nvidia-GTX-1050-Ti/Rating/3649
GPU,EX-GTX1050TI-4G,Asus,Asus GTX 1050 Ti 4GB Expedition,53,39.2,66289,http://gpu.userbenchmark.com/Nvidia-GTX-1050-Ti/Rating/3649
GPU,STRIX-GTX1050TI-O4G-GAMING,Asus,Asus GTX 1050 Ti 4GB ROG STRIX,53,39.2,66289,http://gpu.userbenchmark.com/Nvidia-GTX-1050-Ti/Rating/3649
GPU,04G-P4-6258-KR,EVGA,EVGA GTX 1050 Ti 4GB FTW GAMING ACX 3.0,53,39.2,66289,http://gpu.userbenchmark.com/Nvidia-GTX-1050-Ti/Rating/3649
GPU,GV-N105TD5-4GD,Gigabyte,Gigabyte GTX 1050 Ti 4GB 1430 MHz,53,39.2,66289,http://gpu.userbenchmark.com/Nvidia-GTX-1050-Ti/Rating/3649
GPU,GV-N105TG1GAMING-4GD,Gigabyte,Gigabyte GTX 1050 Ti 4GB G1 GAMING,53,39.2,66289,http://gpu.userbenchmark.com/Nvidia-GTX-1050-Ti/Rating/3649
GPU,,Nvidia,GTX 970M,54,38.9,7510,http://gpu.userbenchmark.com/SpeedTest/17319/NVIDIA-GeForce-GTX-970M
GPU,,AMD,HD 7950,55,37.5,12447,http://gpu.userbenchmark.com/AMD-HD-7950/Rating/2160
GPU,,Nvidia,GTX 760,56,36.9,49114,http://gpu.userbenchmark.com/Nvidia-GTX-760/Rating/2159
GPU,,Nvidia,GTX 660 Ti,57,36.2,14343,http://gpu.userbenchmark.com/Nvidia-GTX-660-Ti/Rating/2183
GPU,,AMD,R9 270X,58,36,27683,http://gpu.userbenchmark.com/AMD-R9-270X/Rating/2188
GPU,11217-01-20G,Sapphire,Sapphire R9 270X 2GB Dual-X Boost OC,58,36,27683,http://gpu.userbenchmark.com/AMD-R9-270X/Rating/2188
GPU,11217-04-20G,Sapphire,Sapphire R9 270X 4GB Dual-X Boost OC,58,36,27683,http://gpu.userbenchmark.com/AMD-R9-270X/Rating/2188
GPU,GV-R927XOC-2GD,Gigabyte,Gigabyte R9 270X 2GB WINDFORCE,58,36,27683,http://gpu.userbenchmark.com/AMD-R9-270X/Rating/2188
GPU,GV-R927XOC-4GD,Gigabyte,Gigabyte R9 270X 4GB WINDFORCE,58,36,27683,http://gpu.userbenchmark.com/AMD-R9-270X/Rating/2188
GPU,R9270X-DC2T-2GD5,Asus,Asus R9 270X 2GB DirectCU II,58,36,27683,http://gpu.userbenchmark.com/AMD-R9-270X/Rating/2188
GPU,,Nvidia,GTX 1050-Ti (Mobile),59,35.9,4219,http://gpu.userbenchmark.com/SpeedTest/223242/NVIDIA-GeForce-GTX-1050-Ti
GPU,,Nvidia,GTX 760 Ti OEM,60,35.8,518,http://gpu.userbenchmark.com/SpeedTest/10856/NVIDIA-GeForce-GTX-760-Ti-OEM
GPU,,AMD,HD 7870,61,34.9,15547,http://gpu.userbenchmark.com/AMD-HD-7870/Rating/2161
GPU,,Nvidia,GTX 1050,62,34.3,20303,http://gpu.userbenchmark.com/Nvidia-GTX-1050/Rating/3650
GPU,ZT-P10500A-10L,Zotac,Zotac GTX 1050 2GB Mini,62,34.3,20303,http://gpu.userbenchmark.com/Nvidia-GTX-1050/Rating/3650
GPU,GTX 1050 2G OC,MSI,MSI GTX 1050 2GB OC,62,34.3,20303,http://gpu.userbenchmark.com/Nvidia-GTX-1050/Rating/3650
GPU,GTX 1050 2GT OC,MSI,MSI GTX 1050 2GB TWIN OC,62,34.3,20303,http://gpu.userbenchmark.com/Nvidia-GTX-1050/Rating/3650
GPU,GTX 1050 GAMING X 2G,MSI,MSI GTX 1050 2GB GAMING X,62,34.3,20303,http://gpu.userbenchmark.com/Nvidia-GTX-1050/Rating/3650
GPU,GV-N1050OC-2GD,Gigabyte,Gigabyte GTX 1050 2GB OC,62,34.3,20303,http://gpu.userbenchmark.com/Nvidia-GTX-1050/Rating/3650
GPU,02G-P4-6152-KR,EVGA,EVGA GTX 1050 2GB SC GAMING,62,34.3,20303,http://gpu.userbenchmark.com/Nvidia-GTX-1050/Rating/3650
GPU,GV-N1050D5-2GD,Gigabyte,Gigabyte GTX 1050 2GB OC Single,62,34.3,20303,http://gpu.userbenchmark.com/Nvidia-GTX-1050/Rating/3650
GPU,GV-N1050WF2OC-2GD,Gigabyte,Gigabyte GTX 1050 2GB Windforce,62,34.3,20303,http://gpu.userbenchmark.com/Nvidia-GTX-1050/Rating/3650
GPU,EX-GTX1050-2G,Asus,Asus GTX 1050 2GB Expedition,62,34.3,20303,http://gpu.userbenchmark.com/Nvidia-GTX-1050/Rating/3650
GPU,02G-P4-6154-KR,EVGA,EVGA GTX 1050 2GB SSC GAMING,62,34.3,20303,http://gpu.userbenchmark.com/Nvidia-GTX-1050/Rating/3650
GPU,VCGGTX10502PB,PNY,PNY GTX 1050 2GB,62,34.3,20303,http://gpu.userbenchmark.com/Nvidia-GTX-1050/Rating/3650
GPU,02G-P4-6150-KR,EVGA,EVGA GTX 1050 2GB GAMING,62,34.3,20303,http://gpu.userbenchmark.com/Nvidia-GTX-1050/Rating/3650
GPU,PH-GTX1050-2G,Asus,Asus GTX 1050 2GB Phoenix,62,34.3,20303,http://gpu.userbenchmark.com/Nvidia-GTX-1050/Rating/3650
GPU,,Nvidia,GTX 880M,63,34.2,981,http://gpu.userbenchmark.com/SpeedTest/8540/NVIDIA-GeForce-GTX-880M
GPU,,Nvidia,GTX 950,64,33.3,25931,http://gpu.userbenchmark.com/Nvidia-GTX-950/Rating/3510
GPU,ZT-90601-10L,Zotac,Zotac GTX 950 2GB,64,33.3,25931,http://gpu.userbenchmark.com/Nvidia-GTX-950/Rating/3510
GPU,ZT-90602-10M,Zotac,Zotac GTX 950 2GB OC,64,33.3,25931,http://gpu.userbenchmark.com/Nvidia-GTX-950/Rating/3510
GPU,ZT-90603-10M,Zotac,Zotac GTX 950 2GB AMP!,64,33.3,25931,http://gpu.userbenchmark.com/Nvidia-GTX-950/Rating/3510
GPU,02G-P4-2951-KR,EVGA,EVGA GTX 950 2GB SC,64,33.3,25931,http://gpu.userbenchmark.com/Nvidia-GTX-950/Rating/3510
GPU,02G-P4-2958-KR,EVGA,EVGA GeForce GTX 950 2GB ACX 2.0,64,33.3,25931,http://gpu.userbenchmark.com/Nvidia-GTX-950/Rating/3510
GPU,02G-P4-2957-KR,EVGA,EVGA GTX 950 2GB SSC ACX,64,33.3,25931,http://gpu.userbenchmark.com/Nvidia-GTX-950/Rating/3510
GPU,STRIX-GTX950-DC2OC-2GD5-GAMING,Asus,Asus GTX 950 2GB STRIX GAMING,64,33.3,25931,http://gpu.userbenchmark.com/Nvidia-GTX-950/Rating/3510
GPU,GV-N950WF2OC-2GD,Gigabyte,Gigabyte GTX 950 2GB Windforce,64,33.3,25931,http://gpu.userbenchmark.com/Nvidia-GTX-950/Rating/3510
GPU,GTX 950 GAMING 2G,MSI,MSI GTX 950 2GB GAMING,64,33.3,25931,http://gpu.userbenchmark.com/Nvidia-GTX-950/Rating/3510
GPU,GTX 950 2GD5 OC,MSI,MSI GTX 950 2GB OC,64,33.3,25931,http://gpu.userbenchmark.com/Nvidia-GTX-950/Rating/3510
GPU,GV-N950XTREME-2GD,Gigabyte,Gigabyte GTX 950 2GB XTREME,64,33.3,25931,http://gpu.userbenchmark.com/Nvidia-GTX-950/Rating/3510
GPU,,AMD,R9 270,65,32.5,14582,http://gpu.userbenchmark.com/AMD-R9-270/Rating/3149
GPU,R9270-DC2OC-2GD5,Asus,ASUS R9 270 2GB Direct CU II OC,65,32.5,14582,http://gpu.userbenchmark.com/AMD-R9-270/Rating/3149
GPU,11220-00-20G,Sapphire,Sapphire R9 270 2GB Dual-X Boost OC,65,32.5,14582,http://gpu.userbenchmark.com/AMD-R9-270/Rating/3149
GPU,GV-R927OC-2GD,Gigabyte,Gigabyte R9 270 2GB OC,65,32.5,14582,http://gpu.userbenchmark.com/AMD-R9-270/Rating/3149
GPU,,AMD,RX 560,66,31.7,3425,http://gpu.userbenchmark.com/AMD-RX-560/Rating/3926
GPU,,AMD,FirePro W7000,67,31,38,http://gpu.userbenchmark.com/AMD-FirePro-W7000/Rating/2842
GPU,,Nvidia,GTX 780M,68,30.8,1307,http://gpu.userbenchmark.com/SpeedTest/7760/NVIDIA-GeForce-GTX-780M
GPU,,Nvidia,GTX 580,69,30.6,6646,http://gpu.userbenchmark.com/Nvidia-GTX-580/Rating/3150
GPU,,Nvidia,Quadro K4200,70,30.2,1068,http://gpu.userbenchmark.com/Nvidia-Quadro-K4200/Rating/2838
GPU,,AMD,R7 370,71,29.9,7815,http://gpu.userbenchmark.com/AMD-R7-370/Rating/3571
GPU,R7 370 GAMING 4G,MSI,MSI R7 370 4GB Gaming,71,29.9,7815,http://gpu.userbenchmark.com/AMD-R7-370/Rating/3571
GPU,R7 370 GAMING 2G,MSI,MSI R7 370 2GB Gaming,71,29.9,7815,http://gpu.userbenchmark.com/AMD-R7-370/Rating/3571
GPU,GV-R737WF2OC-2GD,Gigabyte,Gigabyte AMD R7 370 2GB,71,29.9,7815,http://gpu.userbenchmark.com/AMD-R7-370/Rating/3571
GPU,11240-06-20G,Sapphire,Sapphire R7 370 2GB Dual-X OC ,71,29.9,7815,http://gpu.userbenchmark.com/AMD-R7-370/Rating/3571
GPU,11240-04-20G,Sapphire,Sapphire R7 370 4GB NITRO Dual-X OC,71,29.9,7815,http://gpu.userbenchmark.com/AMD-R7-370/Rating/3571
GPU,STRIX-R7370-DC2OC-2GD5-GAMING,Asus,ASUS R7 370 2GB STRIX OC,71,29.9,7815,http://gpu.userbenchmark.com/AMD-R7-370/Rating/3571
GPU,STRIX-R7370-DC2OC-4GD5-GAMING,Asus,ASUS R7 370 4GB STRIX OC,71,29.9,7815,http://gpu.userbenchmark.com/AMD-R7-370/Rating/3571
GPU,R7-370P-2SF5,XFX,XFX R7 370 2GB 2SF5,71,29.9,7815,http://gpu.userbenchmark.com/AMD-R7-370/Rating/3571
GPU,,Nvidia,GTX 1050 (Mobile),72,29.3,7368,http://gpu.userbenchmark.com/SpeedTest/211022/NVIDIA-GeForce-GTX-1050
GPU,,AMD,R9 M290,73,29,26,http://gpu.userbenchmark.com/SpeedTest/31120/AMD-RADEON-R9-M290
GPU,,Nvidia,GTX 870M,74,29,1075,http://gpu.userbenchmark.com/SpeedTest/10421/NVIDIA-GeForce-GTX-870M
GPU,,AMD,RX 460,75,28.9,13785,http://gpu.userbenchmark.com/AMD-RX-460/Rating/3641
GPU,GV-RX460WF2OC-4GD,Gigabyte,Gigabyte RX 460 4GB Windforce OC,75,28.9,13785,http://gpu.userbenchmark.com/AMD-RX-460/Rating/3641
GPU, GV-RX460WF2OC-2GD,Gigabyte,Gigabyte RX 460 2GB Windforce OC,75,28.9,13785,http://gpu.userbenchmark.com/AMD-RX-460/Rating/3641
GPU,STRIX-RX460-O4G-GAMING,Asus,Asus RX 460 4GB ROG STRIX OC,75,28.9,13785,http://gpu.userbenchmark.com/AMD-RX-460/Rating/3641
GPU,GV-RX460WF2OC-2GD,Gigabyte,Gigabyte RX 460 2GB Windforce OC,75,28.9,13785,http://gpu.userbenchmark.com/AMD-RX-460/Rating/3641
GPU,AXRX 460 2GBD5-DH/OC,PowerColor,PowerColor RX 460 2GB Red Dragon,75,28.9,13785,http://gpu.userbenchmark.com/AMD-RX-460/Rating/3641
GPU,11257-02-20G,Sapphire,Sapphire RX 460 4GB Nitro,75,28.9,13785,http://gpu.userbenchmark.com/AMD-RX-460/Rating/3641
GPU,100409-2GOCL,Sapphire,Sapphire RX 460 2GB 1210 MHz,75,28.9,13785,http://gpu.userbenchmark.com/AMD-RX-460/Rating/3641
GPU,11257-00-20G,Sapphire,Sapphire RX 460 2GB 1090 MHz,75,28.9,13785,http://gpu.userbenchmark.com/AMD-RX-460/Rating/3641
GPU,RX-460P4DFG5,XFX,XFX RX 460 4GB,75,28.9,13785,http://gpu.userbenchmark.com/AMD-RX-460/Rating/3641
GPU,RX-460P2SFG5,XFX,XFX RX 460 2GB,75,28.9,13785,http://gpu.userbenchmark.com/AMD-RX-460/Rating/3641
GPU,GV-RX460WF2OC-4GD,Gigabyte,Gigabyte RX 460 4GB Windforce 2x,75,28.9,13785,http://gpu.userbenchmark.com/AMD-RX-460/Rating/3641
GPU,DUAL-RX460-O2G,Asus,Asus RX 460 2GB Dual Fan OC,75,28.9,13785,http://gpu.userbenchmark.com/AMD-RX-460/Rating/3641
GPU,Radeon RX 460 2G OC,MSI,MSI RX 460 2GB 2G OC,75,28.9,13785,http://gpu.userbenchmark.com/AMD-RX-460/Rating/3641
GPU,,Nvidia,GTX 660,76,28.9,33789,http://gpu.userbenchmark.com/Nvidia-GTX-660/Rating/2162
GPU,,Nvidia,GTX 680MX,77,28.7,76,http://gpu.userbenchmark.com/SpeedTest/8956/NVIDIA-GeForce-GTX-680MX
GPU,,Nvidia,GTX 965M,78,28.2,1081,http://gpu.userbenchmark.com/SpeedTest/24481/NVIDIA-GeForce-GTX-965M
GPU,,Nvidia,Quadro K5000,79,28.2,524,http://gpu.userbenchmark.com/SpeedTest/9098/NVIDIA-Quadro-K5000
GPU,,AMD,R7 265,80,27.9,2622,http://gpu.userbenchmark.com/AMD-R7-265/Rating/3296
GPU,11232-00-20G,Sapphire,Sapphire R7 265 2GB Dual-X ,80,27.9,2622,http://gpu.userbenchmark.com/AMD-R7-265/Rating/3296
GPU,R7 265 2GD5 OC,MSI,MSI R7 265 2GB OC,80,27.9,2622,http://gpu.userbenchmark.com/AMD-R7-265/Rating/3296
GPU,,Nvidia,GTX 760 (192-bit),81,27.8,2905,http://gpu.userbenchmark.com/SpeedTest/11047/NVIDIA-GeForce-GTX-760-192-bit
GPU,,Nvidia,GTX 775M,82,27.7,106,http://gpu.userbenchmark.com/SpeedTest/13797/NVIDIA-GeForce-GTX-775M
GPU,,Nvidia,GeForce GTX 590 (SLI Disabled),83,27.5,500,http://gpu.userbenchmark.com/SpeedTest/8041/NVIDIA-GeForce-GTX-590
GPU,,AMD,R7 260X,84,26.9,11491,http://gpu.userbenchmark.com/AMD-R7-260X/Rating/3151
GPU,11222-22-20G,Sapphire,SAPPHIRE R7 260X 2GB OC 2x DVI,84,26.9,11491,http://gpu.userbenchmark.com/AMD-R7-260X/Rating/3151
GPU,11222-06-20G,Sapphire,SAPPHIRE R7 260X 2GB OC,84,26.9,11491,http://gpu.userbenchmark.com/AMD-R7-260X/Rating/3151
GPU,R7260XCNF4,XFX,XFX 260X 2GB,84,26.9,11491,http://gpu.userbenchmark.com/AMD-R7-260X/Rating/3151
GPU,R7 260X 2GD5 OC,MSI,MSI R7 260X 2GB OC,84,26.9,11491,http://gpu.userbenchmark.com/AMD-R7-260X/Rating/3151
GPU,,AMD,HD 7850,85,26.9,17543,http://gpu.userbenchmark.com/AMD-HD-7850/Rating/2182
GPU,,AMD,HD 7790,86,26.9,3175,http://gpu.userbenchmark.com/SpeedTest/8622/AMD-Radeon-HD-7700
GPU,,AMD,HD 6970,87,26.9,3458,http://gpu.userbenchmark.com/SpeedTest/7712/AMD-Radeon-HD-6900
GPU,,AMD,R9 M290X,88,26.2,365,http://gpu.userbenchmark.com/SpeedTest/11722/AMD-Radeon-R9-M290X
GPU,,Nvidia,GTX 480,89,26.1,1817,http://gpu.userbenchmark.com/Nvidia-GTX-480/Rating/3157
GPU,,AMD,Radeon HD 7970M,90,26,399,http://gpu.userbenchmark.com/SpeedTest/9441/AMD-Radeon-HD-7970M
GPU,,Nvidia,GTX 570,91,26,7269,http://gpu.userbenchmark.com/Nvidia-GTX-570/Rating/3156
GPU,,AMD,HD 6990 (Crossfire Disabled),92,25.6,502,http://gpu.userbenchmark.com/SpeedTest/7713/AMD-Radeon-HD-6900
GPU,,Nvidia,Quadro K5100M,93,25.6,136,http://gpu.userbenchmark.com/SpeedTest/11274/NVIDIA-Quadro-K5100M
GPU,,Nvidia,GTX 560 Ti (448 Core LE),94,25.3,879,http://gpu.userbenchmark.com/SpeedTest/8215/NVIDIA-GeForce-GTX-560-Ti
GPU,,AMD,R7 360,95,24.9,6627,http://gpu.userbenchmark.com/AMD-R7-360/Rating/3572
GPU,R7 360 2GD5 OC,MSI,MSI R7 360 2G OC,95,24.9,6627,http://gpu.userbenchmark.com/AMD-R7-360/Rating/3572
GPU,11243-00-20G,Sapphire,Sapphire R7 360 2GB OC,95,24.9,6627,http://gpu.userbenchmark.com/AMD-R7-360/Rating/3572
GPU,11243-05-20G,Sapphire,Sapphire R7 360 2GB NITRO,95,24.9,6627,http://gpu.userbenchmark.com/AMD-R7-360/Rating/3572
GPU,GV-R736OC-2GD,Gigabyte,Gigabyte R7 360 2GB,95,24.9,6627,http://gpu.userbenchmark.com/AMD-R7-360/Rating/3572
GPU,GV-R736OC-2GD REV2.0,Gigabyte,Gigabyte R7 360 2GB V2,95,24.9,6627,http://gpu.userbenchmark.com/AMD-R7-360/Rating/3572
GPU,R7-360P-2SF5,XFX,XFX R7 360 2GB 360P,95,24.9,6627,http://gpu.userbenchmark.com/AMD-R7-360/Rating/3572
GPU,R7360-OC-2GD5-V2,Asus,Asus R7 360 2GB OC V2,95,24.9,6627,http://gpu.userbenchmark.com/AMD-R7-360/Rating/3572
GPU,,Nvidia,GTX 650 Ti Boost,96,24.8,4055,http://gpu.userbenchmark.com/Nvidia-GTX-650-Ti-Boost/Rating/2190
GPU,,Nvidia,GTX 680M,97,24.5,467,http://gpu.userbenchmark.com/SpeedTest/8687/NVIDIA-GeForce-GTX-680M
GPU,,AMD,HD 6950,98,24.4,8866,http://gpu.userbenchmark.com/AMD-HD-6950/Rating/3152
GPU,,Nvidia,GTX 750 Ti,99,22.7,71245,http://gpu.userbenchmark.com/Nvidia-GTX-750-Ti/Rating/2187
GPU,02G-P4-3753-KR,EVGA,EVGA GTX 750 Ti 2GB SC,99,22.7,71245,http://gpu.userbenchmark.com/Nvidia-GTX-750-Ti/Rating/2187
GPU,GTX750TI-OC-2GD5,Asus,ASUS GTX 750 Ti 2GB OC,99,22.7,71245,http://gpu.userbenchmark.com/Nvidia-GTX-750-Ti/Rating/2187
GPU,N750TI-2GD5TLP,MSI,MSI GTX 750 Ti 2GB,99,22.7,71245,http://gpu.userbenchmark.com/Nvidia-GTX-750-Ti/Rating/2187
GPU,N750TI TF 2GD5/OC,MSI,MSI GTX 750 Ti 2GB Gaming,99,22.7,71245,http://gpu.userbenchmark.com/Nvidia-GTX-750-Ti/Rating/2187
GPU,02G-P4-3751-KR,EVGA,EVGA GTX 750 Ti 2GB,99,22.7,71245,http://gpu.userbenchmark.com/Nvidia-GTX-750-Ti/Rating/2187
GPU,02G-P4-3757-KR,EVGA,EVGA GTX 750 Ti 2GB FTW,99,22.7,71245,http://gpu.userbenchmark.com/Nvidia-GTX-750-Ti/Rating/2187
GPU,GV-N75TOC2-2GI,Gigabyte,Gigabyte GTX 750 Ti 2GB OC 2,99,22.7,71245,http://gpu.userbenchmark.com/Nvidia-GTX-750-Ti/Rating/2187
GPU,GV-N75TOC-1GI,Gigabyte,Gigabyte GTX 750 Ti 2GB,99,22.7,71245,http://gpu.userbenchmark.com/Nvidia-GTX-750-Ti/Rating/2187
GPU,,AMD,Radeon HD 8950,100,22.4,181,http://gpu.userbenchmark.com/SpeedTest/8897/AMD-Radeon-HD-8950
GPU,,Nvidia,GTX 560 Ti,101,21.9,14854,http://gpu.userbenchmark.com/Nvidia-GTX-560-Ti/Rating/2180
GPU,,Microsoft,RemoteFX Graphics Device - WDDM,102,21.7,50,http://gpu.userbenchmark.com/SpeedTest/13438/Microsoft-RemoteFX-Graphics-Device---WDDM
GPU,,AMD,RX 550,103,21.5,1792,http://gpu.userbenchmark.com/AMD-RX-550/Rating/3925
GPU,,AMD,HD 5870,104,21.3,4070,http://gpu.userbenchmark.com/SpeedTest/7681/AMD-Radeon-HD-5800
GPU,,Nvidia,GeForce GTX 470,105,21,2264,http://gpu.userbenchmark.com/SpeedTest/7820/NVIDIA-GeForce-GTX-470
GPU,,Nvidia,GTX 960M,106,20.9,18855,http://gpu.userbenchmark.com/SpeedTest/27242/NVIDIA-GeForce-GTX-960M
GPU,,Nvidia,GTX 770M,107,20.9,1839,http://gpu.userbenchmark.com/SpeedTest/7724/NVIDIA-GeForce-GTX-770M
GPU,,Nvidia,GTX 560 Ti-OEM,108,20.8,424,http://gpu.userbenchmark.com/SpeedTest/9203/NVIDIA-GeForce-GTX-560-Ti
GPU,,Nvidia,Quadro K2200,109,20.7,2541,http://gpu.userbenchmark.com/Nvidia-Quadro-K2200/Rating/2839
GPU,,AMD,FirePro M6100 (FireGL V),110,20.6,141,http://gpu.userbenchmark.com/SpeedTest/10287/AMD-FirePro-M6100-FireGL-V
GPU,,Nvidia,GTX 650 Ti,111,20.2,9045,http://gpu.userbenchmark.com/Nvidia-GTX-650-Ti/Rating/2189
GPU,,Nvidia,GTX 860M,112,20.2,5534,http://gpu.userbenchmark.com/SpeedTest/8647/NVIDIA-GeForce-GTX-860M
GPU,,Vmware,SVGA 3D,113,19.7,1354,http://gpu.userbenchmark.com/SpeedTest/7772/VMware-SVGA-3D
GPU,,Nvidia,GTX 750,114,19.3,13418,http://gpu.userbenchmark.com/Nvidia-GTX-750/Rating/3162
GPU,01G-P4-2751-KR,EVGA,EVGA GTX 750 1GB Dual-Link,114,19.3,13418,http://gpu.userbenchmark.com/Nvidia-GTX-750/Rating/3162
GPU,01G-P4-2753-KR,EVGA,EVGA GTX 750 1GB Dual-Link SC,114,19.3,13418,http://gpu.userbenchmark.com/Nvidia-GTX-750/Rating/3162
GPU,,Nvidia,GTX 675MX,115,19.1,172,http://gpu.userbenchmark.com/SpeedTest/10174/NVIDIA-GeForce-GTX-675MX
GPU,,Nvidia,GT 1030,116,18.8,2836,http://gpu.userbenchmark.com/SpeedTest/283726/NVIDIA-GeForce-GT-1030
GPU,,Nvidia,Quadro K5000M,117,18.7,115,http://gpu.userbenchmark.com/SpeedTest/11324/NVIDIA-Quadro-K5000M
GPU,,AMD,HD 6870,118,18.2,9964,http://gpu.userbenchmark.com/SpeedTest/7744/AMD-Radeon-HD-6800
GPU,,AMD,HD 5970 (Crossfire Disabled),119,18,628,http://gpu.userbenchmark.com/SpeedTest/7906/AMD-Radeon-HD-5900
GPU,,AMD,FirePro V7900 (FireGL V),120,17.8,82,http://gpu.userbenchmark.com/SpeedTest/9001/AMD-FirePro-V7900-FireGL-V
GPU,,Nvidia,GTX 850M,121,17.6,3265,http://gpu.userbenchmark.com/SpeedTest/9138/NVIDIA-GeForce-GTX-850M
GPU,,Nvidia,Quadro K4000,122,17.5,1538,http://gpu.userbenchmark.com/SpeedTest/7730/NVIDIA-Quadro-K4000
GPU,,Nvidia,GTX 950M,123,17.5,8168,http://gpu.userbenchmark.com/SpeedTest/27713/NVIDIA-GeForce-GTX-950M
GPU,,Nvidia,GTX 460 v2,124,17.5,232,http://gpu.userbenchmark.com/SpeedTest/9101/NVIDIA-GeForce-GTX-460-v2
GPU,,AMD,HD 5850,125,17.3,4746,http://gpu.userbenchmark.com/SpeedTest/7680/AMD-Radeon-HD-5800
GPU,,AMD,HD 7770,126,17.3,13100,http://gpu.userbenchmark.com/SpeedTest/7710/AMD-Radeon-HD-7700
GPU,,Nvidia,GTX 560,127,17.3,9649,http://gpu.userbenchmark.com/Nvidia-GTX-560/Rating/3155
GPU,,AMD,R7 250X,128,16.8,4215,http://gpu.userbenchmark.com/SpeedTest/8719/AMD-Radeon-R7-200
GPU,,Nvidia,GTX 765M,129,16.7,1946,http://gpu.userbenchmark.com/SpeedTest/7742/NVIDIA-GeForce-GTX-765M
GPU,,Nvidia,GTX 465,130,16.6,562,http://gpu.userbenchmark.com/SpeedTest/8000/NVIDIA-GeForce-GTX-465
GPU,,AMD,Radeon HD 8760,131,16.6,63,http://gpu.userbenchmark.com/SpeedTest/12506/AMD-Radeon-HD-8760
GPU,,Nvidia,GTX 460,132,16.5,8678,http://gpu.userbenchmark.com/Nvidia-GTX-460/Rating/2167
GPU,,Nvidia,Quadro K1200,133,16.5,645,http://gpu.userbenchmark.com/SpeedTest/28490/NVIDIA-Quadro-K1200
GPU,,Nvidia,GeForce GTX 560 SE,134,15.6,528,http://gpu.userbenchmark.com/SpeedTest/10488/NVIDIA-GeForce-GTX-560-SE
GPU,,Nvidia,GeForce GTX 485M,135,15.2,25,http://gpu.userbenchmark.com/SpeedTest/10025/NVIDIA-GeForce-GTX-485M
GPU,,Nvidia,GeForce GTX 555,136,15.2,240,http://gpu.userbenchmark.com/SpeedTest/10555/NVIDIA-GeForce--GTX-555
GPU,,Intel,Iris Pro 580 (Mobile Skylake),137,15.1,675,http://gpu.userbenchmark.com/SpeedTest/132950/IntelR-IrisTM-Pro-Graphics-580
GPU,,Nvidia,GTX 675M,138,15,398,http://gpu.userbenchmark.com/SpeedTest/8829/NVIDIA-GeForce-GTX-675M
GPU,,Nvidia,GTX 670MX,139,14.7,684,http://gpu.userbenchmark.com/SpeedTest/7874/NVIDIA-GeForce-GTX-670MX
GPU,,AMD,HD 5830,140,14.7,990,http://gpu.userbenchmark.com/SpeedTest/8247/AMD-Radeon-HD-5800
GPU,,Nvidia,Quadro 5000,141,14.7,702,http://gpu.userbenchmark.com/SpeedTest/9708/NVIDIA-Quadro-5000
GPU,,AMD,HD 6850,142,14.6,9984,http://gpu.userbenchmark.com/SpeedTest/7743/AMD-Radeon-HD-6800
GPU,,Intel,Iris Pro HD 6200 (Desktop),143,14.3,284,http://gpu.userbenchmark.com/SpeedTest/30277/IntelR-IrisTM-Pro-Graphics-6200
GPU,,Nvidia,Quadro K3100M,144,14.2,602,http://gpu.userbenchmark.com/SpeedTest/8639/NVIDIA-Quadro-K3100M
GPU,,Nvidia,Quadro K4000M,145,14.1,267,http://gpu.userbenchmark.com/SpeedTest/8941/NVIDIA-Quadro-K4000M
GPU,,Nvidia,GeForce GTX 580M,146,13.9,149,http://gpu.userbenchmark.com/SpeedTest/7757/NVIDIA-GeForce-GTX-580M
GPU,,Nvidia,GTX 760M,147,13.9,494,http://gpu.userbenchmark.com/SpeedTest/9587/NVIDIA-GeForce-GTX-760M
GPU,,Nvidia,GTX 460 SE,148,13.9,1009,http://gpu.userbenchmark.com/SpeedTest/7703/NVIDIA-GeForce-GTX-460-SE
GPU,,Nvidia,Quadro K620,149,13.3,2884,http://gpu.userbenchmark.com/Nvidia-Quadro-K620/Rating/2840
GPU,,Nvidia,GTX 670M,150,13.2,940,http://gpu.userbenchmark.com/SpeedTest/7956/NVIDIA-GeForce-GTX-670M
GPU,,Nvidia,GeForce GTX 645,151,13.1,1004,http://gpu.userbenchmark.com/SpeedTest/8982/NVIDIA-GeForce-GTX-645
GPU,,AMD,HD 6790,152,12.9,1434,http://gpu.userbenchmark.com/SpeedTest/8056/AMD-Radeon-HD-6700
GPU,,ATI,HD 4890,153,12.8,133,http://gpu.userbenchmark.com/SpeedTest/7789/ATI-Radeon-HD-4800
GPU,,AMD,HD 6970M,154,12.5,559,http://gpu.userbenchmark.com/SpeedTest/8552/AMD-Radeon-HD-6900M
GPU,,Nvidia,GTX 550 Ti,155,12.5,14522,http://gpu.userbenchmark.com/Nvidia-GTX-550-Ti/Rating/3161
GPU,,AMD,HD 5770,156,12.5,11789,http://gpu.userbenchmark.com/SpeedTest/7752/AMD-Radeon-HD-5700
GPU,,Nvidia,GTX 745 (OEM),157,12.4,5986,http://gpu.userbenchmark.com/Nvidia-GTX-745-OEM/Rating/2638
GPU,,Asus,EAH6770,158,12.4,37,http://gpu.userbenchmark.com/SpeedTest/7880/ASUS-EAH6770
GPU,,Nvidia,GeForce GT 755M,159,12.3,1234,http://gpu.userbenchmark.com/SpeedTest/7727/NVIDIA-GeForce-GT-755M
GPU,,AMD,Radeon HD 7800M,160,12.2,136,http://gpu.userbenchmark.com/SpeedTest/10077/AMD-Radeon-HD-7800M
GPU,,Nvidia,GTX 650,161,12.2,18933,http://gpu.userbenchmark.com/Nvidia-GTX-650/Rating/3154
GPU,,AMD,Radeon HD 6770,162,12.1,5688,http://gpu.userbenchmark.com/SpeedTest/7704/AMD-Radeon-HD-6700
GPU,,Nvidia,GeForce GTX 480M,163,11.9,10,http://gpu.userbenchmark.com/SpeedTest/20276/NVIDIA-GeForce-GTX-480M
GPU,,AMD,FirePro M5100 (FireGL V),164,11.8,99,http://gpu.userbenchmark.com/SpeedTest/12267/AMD-FirePro-M5100-FireGL-V
GPU,,Nvidia,GeForce GTX 570M,165,11.8,265,http://gpu.userbenchmark.com/SpeedTest/10161/NVIDIA-GeForce-GTX-570M
GPU,,AMD,R7 250E,166,11.7,2667,http://gpu.userbenchmark.com/SpeedTest/8884/AMD-Radeon-R7-200
GPU,,AMD,R9 M370X,167,11.6,348,http://gpu.userbenchmark.com/SpeedTest/30774/AMD-Radeon-R9-M370X
GPU,,AMD,FirePro M8900,168,11.4,105,http://gpu.userbenchmark.com/SpeedTest/9032/AMD-ATI-FirePro-M8900-FireGL-Mobility-Pro-Graphics
GPU,,AMD,FirePro M6000,169,11.4,97,http://gpu.userbenchmark.com/SpeedTest/7770/AMD-ATI-FirePro-M6000-FireGL-V-Mobility-Pro-Graphics
GPU,,AMD,R7 250,170,11.2,6040,http://gpu.userbenchmark.com/SpeedTest/8217/AMD-Radeon-R7-200
GPU,,Nvidia,GeForce GT 740,171,11.1,6960,http://gpu.userbenchmark.com/SpeedTest/13294/NVIDIA-GeForce-GT-740
GPU,,AMD,HD 7750,172,11.1,6969,http://gpu.userbenchmark.com/SpeedTest/7709/AMD-Radeon-HD-7700
GPU,,Intel,Iris 550 (Mobile Skylake),173,11,314,http://gpu.userbenchmark.com/SpeedTest/129148/IntelR-IrisTM-Graphics-550
GPU,,Nvidia,GeForce GT 750M,174,11,4175,http://gpu.userbenchmark.com/SpeedTest/7928/NVIDIA-GeForce-GT-750M
GPU,,ATI,HD 4870,175,10.9,8778,http://gpu.userbenchmark.com/SpeedTest/7788/ATI-Radeon-HD-4800
GPU,,Nvidia,GTX 940M,176,10.7,2603,http://gpu.userbenchmark.com/SpeedTest/28796/NVIDIA-GeForce-940M
GPU,,Nvidia,Quadro K2000,177,10.4,1795,http://gpu.userbenchmark.com/SpeedTest/8356/NVIDIA-Quadro-K2000
GPU,,Intel,Iris 540 (Mobile Skylake),178,10.4,2811,http://gpu.userbenchmark.com/SpeedTest/37386/IntelR-IrisTM-Graphics-540
GPU,,Nvidia,GTX 660M,179,10.4,2535,http://gpu.userbenchmark.com/SpeedTest/7749/NVIDIA-GeForce-GTX-660M
GPU,,Nvidia,GeForce GTS 450,180,10.2,7457,http://gpu.userbenchmark.com/SpeedTest/7762/NVIDIA-GeForce-GTS-450
GPU,,Nvidia,GeForce 840M,181,10.2,4973,http://gpu.userbenchmark.com/SpeedTest/8643/NVIDIA-GeForce-840M
GPU,,Nvidia,Quadro K3000M,182,10.2,541,http://gpu.userbenchmark.com/SpeedTest/8326/NVIDIA-Quadro-K3000M
GPU,,ATI,FirePro V5800 (FireGL V),183,10.2,94,http://gpu.userbenchmark.com/SpeedTest/12336/ATI-FirePro-V5800-FireGL-V
GPU,,Nvidia,Quadro 4000,184,10.2,3212,http://gpu.userbenchmark.com/SpeedTest/7693/NVIDIA-Quadro-4000
GPU,,Nvidia,GeForce GTX 295 (SLI Disabled),185,10.2,539,http://gpu.userbenchmark.com/SpeedTest/7987/NVIDIA-GeForce-GTX-295
GPU,,Nvidia,Quadro 4000M,186,10,397,http://gpu.userbenchmark.com/SpeedTest/11532/NVIDIA-Quadro-4000M
GPU,,Nvidia,GeForce GTX 285,187,10,984,http://gpu.userbenchmark.com/SpeedTest/7733/NVIDIA-GeForce-GTX-285
GPU,,AMD,HD 5750,188,9.97,3857,http://gpu.userbenchmark.com/SpeedTest/7753/AMD-Radeon-HD-5700
GPU,,AMD,Mobility Radeon HD 5870,189,9.87,1034,http://gpu.userbenchmark.com/SpeedTest/8764/AMD-Mobility-Radeon-HD-5800
GPU,,Nvidia,GeForce GTX 560M,190,9.81,1888,http://gpu.userbenchmark.com/SpeedTest/7964/NVIDIA-GeForce-GTX-560M
GPU,,Nvidia,Quadro K2100M,191,9.7,1329,http://gpu.userbenchmark.com/SpeedTest/7811/NVIDIA-Quadro-K2100M
GPU,,AMD,FirePro V5900 (FireGL V),192,9.7,249,http://gpu.userbenchmark.com/SpeedTest/10203/AMD-FirePro-V5900-FireGL-V
GPU,,Intel,UHD Graphics 630 (Desktop Coffee Lake),193,9.66,305,http://gpu.userbenchmark.com/SpeedTest/356797/IntelR-UHD-Graphics-630
GPU,,Nvidia,GTX 275,194,9.6,1179,http://gpu.userbenchmark.com/Nvidia-GTX-275/Rating/3261
GPU,,ATI,Radeon HD 4850,195,9.54,624,http://gpu.userbenchmark.com/SpeedTest/7790/ATI-Radeon-HD-4800
GPU,,AMD,Radeon HD 6700,196,9.51,1332,http://gpu.userbenchmark.com/SpeedTest/9272/AMD-Radeon-HD-6700
GPU,,ATI,Radeon HD 4850-X2,197,9.51,42,http://gpu.userbenchmark.com/SpeedTest/11246/ATI-Radeon-HD-4850-X2
GPU,,AMD,Radeon HD 7700M,198,9.49,137,http://gpu.userbenchmark.com/SpeedTest/11261/AMD-Radeon-HD-7700M
GPU,,Intel,Iris Pro HD 6100 (Mobile),199,9.4,1362,http://gpu.userbenchmark.com/SpeedTest/25925/IntelR-IrisTM-Pro-Graphics-6100
GPU,,Nvidia,GeForce GT 745M,200,9.34,438,http://gpu.userbenchmark.com/SpeedTest/8211/NVIDIA-GeForce-GT-745M
GPU,,Parallels,Display Adapter (WDDM),201,9.33,1247,http://gpu.userbenchmark.com/SpeedTest/7878/Parallels-Display-Adapter-WDDM
GPU,,ATI,Radeon HD 4770,202,9.28,604,http://gpu.userbenchmark.com/SpeedTest/8796/ATI-Radeon-HD-4770
GPU,,Nvidia,GeForce GT 640,203,9.26,8414,http://gpu.userbenchmark.com/SpeedTest/7731/NVIDIA-GeForce-GT-640
GPU,,Intel,Iris Pro HD 5200 (V1 Mobile 1.15 GHz),204,9.21,334,http://gpu.userbenchmark.com/SpeedTest/8009/IntelR-IrisTM-Pro-Graphics-5200
GPU,,Nvidia,GeForce GTX 280,205,9.17,558,http://gpu.userbenchmark.com/SpeedTest/8413/NVIDIA-GeForce-GTX-280
GPU,,AMD,HD 7730,206,9.12,799,http://gpu.userbenchmark.com/SpeedTest/8038/AMD-Radeon-HD-7700
GPU,,Nvidia,GeForce GT 650M,207,8.88,3854,http://gpu.userbenchmark.com/SpeedTest/7754/NVIDIA-GeForce-GT-650M
GPU,,Nvidia,GeForce GTX 460M,208,8.85,1257,http://gpu.userbenchmark.com/SpeedTest/8234/NVIDIA-GeForce-GTX-460M
GPU,,ATI,Radeon HD 4800,209,8.77,81,http://gpu.userbenchmark.com/SpeedTest/8124/ATI-Radeon-HD-4800
GPU,,Nvidia,Quadro FX 5800,210,8.73,168,http://gpu.userbenchmark.com/SpeedTest/10447/NVIDIA-Quadro-FX-5800
GPU,,AMD,Radeon R7 Graphics,211,8.7,6049,http://gpu.userbenchmark.com/SpeedTest/8791/AMD-RadeonTM-R7-Graphics
GPU,,Intel,HD 630 (Desktop Kaby Lake),212,8.56,19870,http://gpu.userbenchmark.com/SpeedTest/178724/IntelR-HD-Graphics-630
GPU,,Intel,HD 6000 (Mobile),213,8.39,996,http://gpu.userbenchmark.com/SpeedTest/24946/IntelR-HD-Graphics-6000
GPU,,AMD,Radeon HD 8570,214,8.38,673,http://gpu.userbenchmark.com/SpeedTest/9843/AMD-Radeon-HD-8570
GPU,,Nvidia,Quadro 2000,215,8.34,3390,http://gpu.userbenchmark.com/SpeedTest/7708/NVIDIA-Quadro-2000
GPU,,Intel,Iris Pro HD 5200 (V2 Mobile 1.2 GHz),216,8.33,1477,http://gpu.userbenchmark.com/SpeedTest/8190/IntelR-IrisTM-Pro-Graphics-5200
GPU,,ATI,FirePro M7740,217,8.1,74,http://gpu.userbenchmark.com/SpeedTest/8759/ATI-FirePro-M7740
GPU,,Nvidia,GTX 260,218,8.09,4180,http://gpu.userbenchmark.com/Nvidia-GTX-260/Rating/3160
GPU,,Nvidia,GeForce GT 545,219,7.94,738,http://gpu.userbenchmark.com/SpeedTest/9908/NVIDIA-GeForce-GT-545
GPU,,Intel,HD 530 (Desktop Skylake),220,7.9,45924,http://gpu.userbenchmark.com/SpeedTest/33102/IntelR-HD-Graphics-530
GPU,,Nvidia,GeForce 830M,221,7.84,242,http://gpu.userbenchmark.com/SpeedTest/25102/NVIDIA-GeForce-830M
GPU,,Nvidia,GeForce 9800 GTX,222,7.73,1352,http://gpu.userbenchmark.com/SpeedTest/8342/NVIDIA-GeForce-9800-GTX9800-GTX-
GPU,,AMD,Mobility Radeon HD 5850,223,7.69,464,http://gpu.userbenchmark.com/SpeedTest/8789/AMD-Mobility-Radeon-HD-5800
GPU,,Nvidia,Quadro 3000M,224,7.67,802,http://gpu.userbenchmark.com/SpeedTest/8172/NVIDIA-Quadro-3000M
GPU,,Nvidia,Quadro K2000M,225,7.67,946,http://gpu.userbenchmark.com/SpeedTest/8574/NVIDIA-Quadro-K2000M
GPU,,Nvidia,GeForce GTS 250,226,7.65,5032,http://gpu.userbenchmark.com/SpeedTest/7741/NVIDIA-GeForce-GTS-250
GPU,,AMD,R7 240,227,7.57,10267,http://gpu.userbenchmark.com/SpeedTest/8608/AMD-Radeon-R7-200
GPU,,Intel,HD P530 (Server Skylake),228,7.55,1061,http://gpu.userbenchmark.com/SpeedTest/41039/IntelR-HD-Graphics-P530
GPU,,Nvidia,GeForce GT 740M,229,7.49,3952,http://gpu.userbenchmark.com/SpeedTest/7671/NVIDIA-GeForce-GT-740M
GPU,,Nvidia,GeForce GT 635,230,7.37,728,http://gpu.userbenchmark.com/SpeedTest/8246/NVIDIA-GeForce-GT-635
GPU,,Nvidia,GeForce 8800 GTS-512,231,7.33,473,http://gpu.userbenchmark.com/SpeedTest/8016/NVIDIA-GeForce-8800-GTS-512
GPU,,AMD,Radeon HD 7670,232,7.28,346,http://gpu.userbenchmark.com/SpeedTest/8206/AMD-Radeon-HD-7670
GPU,,AMD,Radeon HD 6670,233,7.28,8680,http://gpu.userbenchmark.com/SpeedTest/7738/AMD-Radeon-HD-6670
GPU,,Intel,HD 620 (Mobile Kaby Lake),234,7.15,36616,http://gpu.userbenchmark.com/SpeedTest/153579/IntelR-HD-Graphics-620
GPU,,Nvidia,Quadro FX 3800,235,7.12,1027,http://gpu.userbenchmark.com/SpeedTest/7804/NVIDIA-Quadro-FX-3800
GPU,,AMD,Radeon  HD 6770M,236,7.04,364,http://gpu.userbenchmark.com/SpeedTest/7746/Radeon-TM-HD-6770M
GPU,,Nvidia,Quadro K1100M,237,7.03,1095,http://gpu.userbenchmark.com/SpeedTest/10244/NVIDIA-Quadro-K1100M
GPU,,Nvidia,GeForce GT 640M,238,7.02,973,http://gpu.userbenchmark.com/SpeedTest/8030/NVIDIA-GeForce-GT-640M
GPU,,Nvidia,GeForce GTS 240,239,6.95,295,http://gpu.userbenchmark.com/SpeedTest/8940/NVIDIA-GeForce-GTS-240
GPU,,ATI,FirePro V4800 (FireGL V),240,6.92,565,http://gpu.userbenchmark.com/SpeedTest/9332/ATI-FirePro-V4800-FireGL-V
GPU,,AMD,Radeon HD 5670,241,6.87,4859,http://gpu.userbenchmark.com/SpeedTest/8110/AMD-Radeon-HD-5670
GPU,,AMD,Radeon HD 6700M,242,6.78,549,http://gpu.userbenchmark.com/SpeedTest/7769/AMD-Radeon-HD-6700M
GPU,,Intel,HD 530 (Mobile Skylake),243,6.74,55759,http://gpu.userbenchmark.com/SpeedTest/34955/IntelR-HD-Graphics-530
GPU,,ATI,Radeon HD 3870,244,6.71,564,http://gpu.userbenchmark.com/SpeedTest/7879/ATI-Radeon-HD-3870
GPU,,Nvidia,GeForce 8800 GT,245,6.52,1956,http://gpu.userbenchmark.com/SpeedTest/7722/NVIDIA-GeForce-8800-GT
GPU,,Intel,HD 520 (Mobile Skylake),246,6.51,58190,http://gpu.userbenchmark.com/SpeedTest/36797/IntelR-HD-Graphics-520
GPU,,AMD,Radeon HD 8650G,247,6.49,2307,http://gpu.userbenchmark.com/SpeedTest/7910/AMD-Radeon-HD-8650G
GPU,,Nvidia,GeForce GTX 285M,248,6.47,42,http://gpu.userbenchmark.com/SpeedTest/10715/NVIDIA-GeForce-GTX-285M
GPU,,Nvidia,GeForce GT 445M,249,6.4,107,http://gpu.userbenchmark.com/SpeedTest/17578/NVIDIA-GeForce-GT-445M
GPU,,Nvidia,GeForce GTX 280M,250,6.39,60,http://gpu.userbenchmark.com/SpeedTest/13363/NVIDIA-GeForce-GTX-280M
GPU,,AMD,Radeon HD 7660D,251,6.38,2029,http://gpu.userbenchmark.com/SpeedTest/7929/AMD-Radeon-HD-7660D
GPU,,AMD,Radeon HD 8670D,252,6.37,1939,http://gpu.userbenchmark.com/SpeedTest/8025/AMD-Radeon-HD-8670D
GPU,,AMD,Radeon HD 6730M,253,6.36,57,http://gpu.userbenchmark.com/SpeedTest/9168/AMD-Radeon-HD-6730M
GPU,,AMD,Radeon HD 7570,254,6.33,2316,http://gpu.userbenchmark.com/SpeedTest/9639/AMD-Radeon-HD-7570
GPU,,Nvidia,Quadro FX 3800M,255,6.25,165,http://gpu.userbenchmark.com/SpeedTest/9394/NVIDIA-Quadro-FX-3800M
GPU,,AMD,Radeon HD 6750M,256,6.17,222,http://gpu.userbenchmark.com/SpeedTest/7834/AMD-Radeon-HD-6750M
GPU,,Nvidia,Quadro 2000M,257,6.14,935,http://gpu.userbenchmark.com/SpeedTest/7776/NVIDIA-Quadro-2000M
GPU,,Nvidia,GeForce GT 730,258,6.1,26796,http://gpu.userbenchmark.com/SpeedTest/12582/NVIDIA-GeForce-GT-730
GPU,,Intel,Iris Pro HD 5100 (Mobile 1.1 GHz),259,6.1,1142,http://gpu.userbenchmark.com/SpeedTest/8813/IntelR-IrisTM-Graphics-5100
GPU,,Nvidia,GeForce 9800 GT,260,6,4739,http://gpu.userbenchmark.com/SpeedTest/7716/NVIDIA-GeForce-9800-GT
GPU,,Nvidia,GeForce GT 555M,261,5.95,1375,http://gpu.userbenchmark.com/SpeedTest/8224/NVIDIA-GeForce-GT-555M
GPU,,Nvidia,GeForce 8800 GTX,262,5.93,653,http://gpu.userbenchmark.com/SpeedTest/9271/NVIDIA-GeForce-8800-GTX
GPU,,ATI,Radeon HD 3800,263,5.89,1360,http://gpu.userbenchmark.com/SpeedTest/8529/ATI-Radeon-HD-3800
GPU,,Nvidia,Quadro FX 3700M,264,5.81,156,http://gpu.userbenchmark.com/SpeedTest/10184/NVIDIA-Quadro-FX-3700M
GPU,,Intel,HD 5500 (Mobile 0.95 GHz),265,5.81,55635,http://gpu.userbenchmark.com/SpeedTest/16570/IntelR-HD-Graphics-5500
GPU,,AMD,Radeon HD 6570,266,5.7,5071,http://gpu.userbenchmark.com/SpeedTest/8207/AMD-Radeon-HD-6570
GPU,,AMD,Radeon HD 7660G,267,5.63,1262,http://gpu.userbenchmark.com/SpeedTest/8022/AMD-Radeon-HD-7660G
GPU,,Intel,HD Graphics P4600,268,5.56,500,http://gpu.userbenchmark.com/SpeedTest/18483/IntelR-HD-Graphics-P4600
GPU,,Nvidia,GeForce 8800 GS,269,5.42,124,http://gpu.userbenchmark.com/SpeedTest/7976/NVIDIA-GeForce-8800-GS
GPU,,AMD,Radeon HD 7670M,270,5.33,391,http://gpu.userbenchmark.com/SpeedTest/7810/AMD-Radeon-HD-7670M
GPU,,Intel,HD 4600 (Desktop 1.25 GHz),271,5.33,48492,http://gpu.userbenchmark.com/Intel-HD-4600-Desktop-125-GHz/Rating/2168
GPU,,Nvidia,Quadro FX 3700,272,5.31,366,http://gpu.userbenchmark.com/SpeedTest/10901/NVIDIA-Quadro-FX-3700
GPU,,ATI,Mobility Radeon HD 3870-X2 (Crossfire Disabled),273,5.27,39,http://gpu.userbenchmark.com/SpeedTest/10185/ATI-Mobility-Radeon-HD-3870-X2
GPU,,Intel,HD 5000 (Mobile 1.0/1.1 GHz),274,5.26,2003,http://gpu.userbenchmark.com/SpeedTest/8536/IntelR-HD-Graphics-5000
GPU,,AMD,Radeon HD 5570,275,5.19,3083,http://gpu.userbenchmark.com/SpeedTest/7686/AMD-Radeon-HD-5570
GPU,,AMD,Radeon HD 6630M,276,5.14,932,http://gpu.userbenchmark.com/SpeedTest/9654/AMD-RadeonTM-HD-6630M
GPU,,AMD,Radeon HD 7600M,277,5.11,2266,http://gpu.userbenchmark.com/SpeedTest/9552/AMD-Radeon-HD-7600M
GPU,,Nvidia,Quadro FX 2800M,278,5.09,390,http://gpu.userbenchmark.com/SpeedTest/8137/NVIDIA-Quadro-FX-2800M
GPU,,AMD,Mobility Radeon HD 5730,279,5.07,928,http://gpu.userbenchmark.com/SpeedTest/9994/ATI-Mobility-Radeon-HD-5730
GPU,,Intel,HD 515 (Mobile Skylake),280,5.05,2484,http://gpu.userbenchmark.com/SpeedTest/38173/IntelR-HD-Graphics-515
GPU,,Nvidia,GeForce GTX 260M,281,5.05,372,http://gpu.userbenchmark.com/SpeedTest/7979/NVIDIA-GeForce-GTX-260M
GPU,,Nvidia,GeForce GT 440,282,5.04,3747,http://gpu.userbenchmark.com/SpeedTest/7783/NVIDIA-GeForce-GT-440
GPU,,Nvidia,GeForce 820M,283,5.02,2533,http://gpu.userbenchmark.com/SpeedTest/9527/NVIDIA-GeForce-820M
GPU,,Nvidia,Quadro K600,284,4.89,1591,http://gpu.userbenchmark.com/SpeedTest/8080/NVIDIA-Quadro-K600
GPU,,AMD,Radeon HD 8570D,285,4.87,2054,http://gpu.userbenchmark.com/SpeedTest/9112/AMD-Radeon-HD-8570D
GPU,,Nvidia,GeForce 9600 GT,286,4.85,6516,http://gpu.userbenchmark.com/SpeedTest/7677/NVIDIA-GeForce-9600-GT
GPU,,AMD,Radeon HD 7560D,287,4.85,1972,http://gpu.userbenchmark.com/SpeedTest/8826/AMD-Radeon-HD-7560D
GPU,,AMD,Radeon HD 8610G,288,4.84,1417,http://gpu.userbenchmark.com/SpeedTest/8531/AMD-Radeon-HD-8610G
GPU,,Nvidia,NVS 5400M,289,4.84,496,http://gpu.userbenchmark.com/SpeedTest/7907/NVIDIA-NVS-5400M
GPU,,Nvidia,GeForce GT 630,290,4.82,12730,http://gpu.userbenchmark.com/SpeedTest/7766/NVIDIA-GeForce-GT-630
GPU,,Intel,HD 4600 (Mobile 1.15 GHz),291,4.82,82282,http://gpu.userbenchmark.com/SpeedTest/7676/IntelR-HD-Graphics-4600
GPU,,Nvidia,Quadro K1000M,292,4.81,1361,http://gpu.userbenchmark.com/SpeedTest/7800/NVIDIA-Quadro-K1000M
GPU,,Intel, HD 610 (Desktop Kaby Lake),293,4.8,2307,http://gpu.userbenchmark.com/SpeedTest/225196/IntelR-HD-Graphics-610
GPU,,Nvidia,GeForce GTS 360M,294,4.78,337,http://gpu.userbenchmark.com/SpeedTest/9128/NVIDIA-GeForce-GTS-360M
GPU,,AMD,Radeon HD 7650M,295,4.75,192,http://gpu.userbenchmark.com/SpeedTest/10887/AMD-Radeon-HD-7650M
GPU,,Nvidia,GeForce 8800 GTS,296,4.75,1088,http://gpu.userbenchmark.com/SpeedTest/7808/NVIDIA-GeForce-8800-GTS
GPU,,Nvidia,GeForce 710M,297,4.67,498,http://gpu.userbenchmark.com/SpeedTest/10751/NVIDIA-GeForce-710M
GPU,,Nvidia,GeForce GT 720M,298,4.66,1082,http://gpu.userbenchmark.com/SpeedTest/7921/NVIDIA-GeForce-GT-720M
GPU,,Nvidia,GeForce GT 240,299,4.66,3128,http://gpu.userbenchmark.com/SpeedTest/7947/NVIDIA-GeForce-GT-240
GPU,,ATI,Mobility Radeon HD 4670,300,4.63,775,http://gpu.userbenchmark.com/SpeedTest/7888/ATI-Mobility-Radeon-HD-4670
GPU,,Nvidia,Quadro FX 4600,301,4.62,433,http://gpu.userbenchmark.com/SpeedTest/8232/NVIDIA-Quadro-FX-4600
GPU,,Nvidia,GeForce GT 550M,302,4.6,314,http://gpu.userbenchmark.com/SpeedTest/8663/NVIDIA-GeForce-GT-550M
GPU,,AMD,Radeon HD 8550G,303,4.59,795,http://gpu.userbenchmark.com/SpeedTest/7799/AMD-Radeon-HD-8550G
GPU,,Intel,HD P4000 (Server 1.25 GHz),304,4.55,138,http://gpu.userbenchmark.com/SpeedTest/8592/IntelR-HD-Graphics-P4000
GPU,,Nvidia,GeForce GT620M,305,4.46,259,http://gpu.userbenchmark.com/SpeedTest/13398/NVIDIA-GeForce-GT620M
GPU,,Nvidia,NVS 510,306,4.44,394,http://gpu.userbenchmark.com/SpeedTest/10074/NVIDIA-NVS-510
GPU,,AMD,Radeon HD 6550D,307,4.43,986,http://gpu.userbenchmark.com/SpeedTest/9223/AMD-Radeon-HD-6550D
GPU,,Nvidia,GeForce GT 635M,308,4.43,1046,http://gpu.userbenchmark.com/SpeedTest/8120/NVIDIA-GeForce-GT-635M
GPU,,Nvidia,GeForce 9800M GTS,309,4.41,142,http://gpu.userbenchmark.com/SpeedTest/12939/NVIDIA-GeForce-9800M-GTS
GPU,,Nvidia,GeForce GT 630M,310,4.4,2491,http://gpu.userbenchmark.com/SpeedTest/7814/NVIDIA-GeForce-GT-630M
GPU,,ATI,Radeon HD 4670,311,4.37,5703,http://gpu.userbenchmark.com/SpeedTest/8077/ATI-Radeon-HD-4600
GPU,,AMD,Radeon HD 7500M,312,4.33,3226,http://gpu.userbenchmark.com/SpeedTest/8602/AMD-Radeon-HD-7500M7600M
GPU,,Nvidia,GeForce GT 530,313,4.31,1129,http://gpu.userbenchmark.com/SpeedTest/8407/NVIDIA-GeForce-GT-530
GPU,,Nvidia,GeForce GT625M,314,4.28,11,http://gpu.userbenchmark.com/SpeedTest/25295/NVIDIA-GeForce-GT625M
GPU,,Intel,HD 4000 (Desktop 1.15 GHz),315,4.27,8293,http://gpu.userbenchmark.com/Intel-HD-4000-Desktop-115-GHz/Rating/2169
GPU,,Intel,HD 510 (Desktop Skylake),316,4.27,2654,http://gpu.userbenchmark.com/SpeedTest/38088/IntelR-HD-Graphics-510
GPU,,Nvidia,Quadro FX 1800,317,4.26,1696,http://gpu.userbenchmark.com/SpeedTest/7957/NVIDIA-Quadro-FX-1800
GPU,,Intel,HD 4400 (Desktop 1.15 GHz),318,4.22,10682,http://gpu.userbenchmark.com/SpeedTest/8064/IntelR-HD-Graphics-4400
GPU,,Nvidia,GeForce GT 230,319,4.2,416,http://gpu.userbenchmark.com/SpeedTest/8245/NVIDIA-GeForce-GT-230
GPU,,AMD,Radeon HD 6500M,320,4.2,4000,http://gpu.userbenchmark.com/SpeedTest/7936/AMD-Radeon-HD-6500M56005700
GPU,,Nvidia,GeForce GT 430,321,4.18,5566,http://gpu.userbenchmark.com/SpeedTest/7745/NVIDIA-GeForce-GT-430
GPU,,AMD,Radeon HD 7640G,322,4.18,2427,http://gpu.userbenchmark.com/SpeedTest/7903/AMD-Radeon-HD-7640G
GPU,,Nvidia,Quadro 600,323,4.11,3426,http://gpu.userbenchmark.com/SpeedTest/8084/NVIDIA-Quadro-600
GPU,,Nvidia,NVS 5200M,324,4.06,1372,http://gpu.userbenchmark.com/SpeedTest/7691/NVIDIA-NVS-5200M
GPU,,Nvidia,Quadro 1000M,325,4.04,1902,http://gpu.userbenchmark.com/SpeedTest/7836/NVIDIA-Quadro-1000M
GPU,,Intel,HD 4400 (Mobile 1.0/1.1 GHz),326,3.99,77180,http://gpu.userbenchmark.com/SpeedTest/7668/IntelR-HD-Graphics-Family
GPU,,AMD,Radeon HD 8510G,327,3.98,660,http://gpu.userbenchmark.com/SpeedTest/9309/AMD-Radeon-HD-8510G
GPU,,AMD,Radeon HD 5500,328,3.97,1279,http://gpu.userbenchmark.com/SpeedTest/8853/AMD-Radeon-HD-5500
GPU,,Nvidia,GeForce 9800M-GS,329,3.95,70,http://gpu.userbenchmark.com/SpeedTest/9719/NVIDIA-GeForce-9800M-GS
GPU,,Nvidia,GeForce GT 320,330,3.92,496,http://gpu.userbenchmark.com/SpeedTest/11866/NVIDIA-GeForce-GT-320
GPU,,Intel,Core M HD 5300,331,3.89,2360,http://gpu.userbenchmark.com/SpeedTest/16575/IntelR-HD-Graphics-5300
GPU,,AMD,Radeon HD 7610M,332,3.88,129,http://gpu.userbenchmark.com/SpeedTest/11031/AMD-Radeon-HD-7610M
GPU,,Nvidia,GeForce GT 540M,333,3.88,3826,http://gpu.userbenchmark.com/SpeedTest/8006/NVIDIA-GeForce-GT-540M
GPU,,Nvidia,GeForce GT 435M,334,3.87,206,http://gpu.userbenchmark.com/SpeedTest/8260/NVIDIA-GeForce-GT-435M
GPU,,Intel,HD 4000 (Mobile 1.25 GHz),335,3.85,116160,http://gpu.userbenchmark.com/SpeedTest/7653/IntelR-HD-Graphics-4000
GPU,,Nvidia,GeForce GTS 250M,336,3.76,76,http://gpu.userbenchmark.com/SpeedTest/8494/NVIDIA-GeForce-GTS-250M
GPU,,ATI,Mobility Radeon HD 4650,337,3.71,1610,http://gpu.userbenchmark.com/SpeedTest/7667/ATI-Mobility-Radeon-HD-4650
GPU,,AMD,Radeon HD 7600G,338,3.68,475,http://gpu.userbenchmark.com/SpeedTest/12867/AMD-Radeon-HD-7600G---7500M7600M-Dual-Graphics
GPU,,ATI,Radeon HD 4650,339,3.58,588,http://gpu.userbenchmark.com/SpeedTest/7844/ATI-Radeon-HD-4650
GPU,,Nvidia,Quadro FX 2700M,340,3.55,266,http://gpu.userbenchmark.com/SpeedTest/7747/NVIDIA-Quadro-FX-2700M
GPU,,Nvidia,Quadro FX 3600M,341,3.54,48,http://gpu.userbenchmark.com/SpeedTest/9773/NVIDIA-Quadro-FX-3600M
GPU,,AMD,Radeon HD 8470D,342,3.54,1689,http://gpu.userbenchmark.com/SpeedTest/9693/AMD-Radeon-HD-8470D
GPU,,Nvidia,GeForce GT 425M,343,3.51,756,http://gpu.userbenchmark.com/SpeedTest/7792/NVIDIA-GeForce-GT-425M
GPU,,AMD,Radeon HD 7540D,344,3.49,864,http://gpu.userbenchmark.com/SpeedTest/7756/AMD-Radeon-HD-7540D
GPU,,AMD,Radeon HD 6620G,345,3.49,1001,http://gpu.userbenchmark.com/SpeedTest/8118/AMD-Radeon-HD-6620G
GPU,,Nvidia,Quadro FX 1800M,346,3.45,371,http://gpu.userbenchmark.com/SpeedTest/7771/NVIDIA-Quadro-FX-1800M
GPU,,Nvidia,GeForce GT 335M,347,3.39,287,http://gpu.userbenchmark.com/SpeedTest/10735/NVIDIA-GeForce-GT-335M
GPU,,AMD,Radeon HD 6530D,348,3.25,1053,http://gpu.userbenchmark.com/SpeedTest/7795/AMD-Radeon-HD-6530D
GPU,,Nvidia,GeForce GT 525M,349,3.2,2276,http://gpu.userbenchmark.com/SpeedTest/8869/NVIDIA-GeForce-GT-525M
GPU,,Nvidia,GeForce GT 130,350,3.15,71,http://gpu.userbenchmark.com/SpeedTest/12240/NVIDIA-GeForce-GT-130
GPU,,Nvidia,GeForce GT 420M,351,3.13,488,http://gpu.userbenchmark.com/SpeedTest/8926/NVIDIA-GeForce-GT-420M
GPU,,Nvidia,GeForce GT 330M,352,3.05,2235,http://gpu.userbenchmark.com/SpeedTest/7739/NVIDIA-GeForce-GT-330M
GPU,,Nvidia,Quadro FX 880M,353,3.02,1374,http://gpu.userbenchmark.com/SpeedTest/7780/NVIDIA-Quadro-FX-880M
GPU,,Nvidia,GeForce GT 240M,354,3.01,682,http://gpu.userbenchmark.com/SpeedTest/8596/NVIDIA-GeForce-GT-240M
GPU,,Nvidia,NVS 5100M,355,3,474,http://gpu.userbenchmark.com/SpeedTest/8318/NVIDIA-NVS-5100M
GPU,,AMD,Radeon R5,356,2.99,9538,http://gpu.userbenchmark.com/SpeedTest/12264/AMD-RadeonTM-R5-Graphics
GPU,,AMD,Radeon HD 7520G,357,2.97,1412,http://gpu.userbenchmark.com/SpeedTest/8569/AMD-Radeon-HD-7520G
GPU,,Nvidia,GeForce GT 620,358,2.97,3779,http://gpu.userbenchmark.com/SpeedTest/8899/NVIDIA-GeForce-GT-620
GPU,,Nvidia,GeForce GT 220,359,2.96,4397,http://gpu.userbenchmark.com/SpeedTest/7737/NVIDIA-GeForce-GT-220
GPU,,Intel,HD 4200 (Mobile 0.85 GHz),360,2.95,1163,http://gpu.userbenchmark.com/SpeedTest/8662/IntelR-HD-Graphics-Family
GPU,,AMD,Radeon HD 6520G,361,2.91,2327,http://gpu.userbenchmark.com/SpeedTest/7806/AMD-Radeon-HD-6520G
GPU,,AMD,Radeon HD 7500G,362,2.86,424,http://gpu.userbenchmark.com/SpeedTest/9442/AMD-Radeon-HD-7500G
GPU,,Nvidia,GeForce 8600 GTS,363,2.83,874,http://gpu.userbenchmark.com/SpeedTest/8311/NVIDIA-GeForce-8600-GTS
GPU,,Nvidia,GeForce 9700M GT,364,2.82,101,http://gpu.userbenchmark.com/SpeedTest/12102/NVIDIA-GeForce-9700M-GT
GPU,,Nvidia,GeForce GT 230M,365,2.73,908,http://gpu.userbenchmark.com/SpeedTest/8017/NVIDIA-GeForce-GT-230M
GPU,,Intel,HD 3000 (Desktop V2 1.35 GHz),366,2.67,1417,http://gpu.userbenchmark.com/Intel-HD-3000-Desktop-V2-135-GHz/Rating/2170
GPU,,Nvidia,GeForce 610M,367,2.66,1187,http://gpu.userbenchmark.com/SpeedTest/8250/NVIDIA-GeForce-610M
GPU,,ATI,Radeon HD 2600-XT,368,2.65,614,http://gpu.userbenchmark.com/SpeedTest/7897/ATI-Radeon-HD-2600-XT
GPU,,Nvidia,GeForce GT 520MX,369,2.64,362,http://gpu.userbenchmark.com/SpeedTest/8048/NVIDIA-GeForce-GT-520MX
GPU,,Intel,HD Graphics (G4 Pentium/Celeron 1.05/1.15 GHz),370,2.62,10245,http://gpu.userbenchmark.com/SpeedTest/7701/IntelR-HD-Graphics
GPU,,AMD,Radeon HD 8370D,371,2.61,1044,http://gpu.userbenchmark.com/SpeedTest/10640/AMD-Radeon-HD-8370D
GPU,,Nvidia,GeForce GT 130M,372,2.6,204,http://gpu.userbenchmark.com/SpeedTest/9306/NVIDIA-GeForce-GT-130M
GPU,,Nvidia,NVS 4200M,373,2.55,1721,http://gpu.userbenchmark.com/SpeedTest/7966/NVIDIA-NVS-4200M
GPU,,AMD,Radeon HD 7480D,374,2.54,1516,http://gpu.userbenchmark.com/SpeedTest/7856/AMD-Radeon-HD-7480D
GPU,,Nvidia,GeForce GT 705,375,2.51,855,http://gpu.userbenchmark.com/SpeedTest/13024/NVIDIA-GeForce-GT-705
GPU,,Nvidia,Quadro FX 770M,376,2.5,301,http://gpu.userbenchmark.com/SpeedTest/7999/NVIDIA-Quadro-FX-770M
GPU,,Nvidia,GeForce 9500 GS,377,2.49,407,http://gpu.userbenchmark.com/SpeedTest/11103/NVIDIA-GeForce-9500-GS
GPU,,AMD,Radeon  HD 6490M,378,2.49,201,http://gpu.userbenchmark.com/SpeedTest/7775/Radeon-TM-HD-6490M
GPU,,AMD,Radeon R3 Graphics,379,2.48,1268,http://gpu.userbenchmark.com/SpeedTest/12440/AMD-RadeonTM-R3-Graphics
GPU,,ATI,Radeon HD 2600,380,2.45,5,http://gpu.userbenchmark.com/SpeedTest/11511/ATI-Radeon-HD-26003600
GPU,,AMD,HD 7470,381,2.43,1820,http://gpu.userbenchmark.com/SpeedTest/8681/AMD-Radeon-HD-7000-series
GPU,,Nvidia,GeForce GT 420,382,2.38,1651,http://gpu.userbenchmark.com/SpeedTest/10183/NVIDIA-GeForce-GT-420
GPU,,Nvidia,GeForce GT 520,383,2.37,4027,http://gpu.userbenchmark.com/SpeedTest/7768/NVIDIA-GeForce-GT-520
GPU,,Intel,HD 3000 (Mobile V2 1.3 GHz),384,2.37,27998,http://gpu.userbenchmark.com/SpeedTest/7647/IntelR-HD-Graphics-3000
GPU,,Nvidia,GeForce GT 520M,385,2.36,1261,http://gpu.userbenchmark.com/SpeedTest/8308/NVIDIA-GeForce-GT-520M
GPU,,AMD,Radeon HD 6480G,386,2.34,1088,http://gpu.userbenchmark.com/SpeedTest/8221/AMD-RadeonTM-HD-6480G
GPU,,Nvidia,GeForce 9500 GT,387,2.34,6886,http://gpu.userbenchmark.com/SpeedTest/7816/NVIDIA-GeForce-9500-GT
GPU,,AMD,Radeon HD 8400-R3,388,2.33,3455,http://gpu.userbenchmark.com/SpeedTest/11160/AMD-Radeon-HD-8400--R3
GPU,,Nvidia,Quadro FX 580,389,2.31,1437,http://gpu.userbenchmark.com/SpeedTest/7761/NVIDIA-Quadro-FX-580
GPU,,Nvidia,GeForce 9650M-GT,390,2.29,128,http://gpu.userbenchmark.com/SpeedTest/9295/NVIDIA-GeForce-9650M-GT
GPU,,ATI,Mobility Radeon HD 3670,391,2.26,156,http://gpu.userbenchmark.com/SpeedTest/10736/ATI-Mobility-Radeon-HD-3670
GPU,,AMD,Radeon HD 7470M,392,2.26,210,http://gpu.userbenchmark.com/SpeedTest/9296/AMD-Radeon-HD-7470M
GPU,,Nvidia,Quadro FX 1600M,393,2.25,165,http://gpu.userbenchmark.com/SpeedTest/8782/NVIDIA-Quadro-FX-1600M
GPU,,Nvidia,GeForce 9600M-GT,394,2.24,1463,http://gpu.userbenchmark.com/SpeedTest/7707/NVIDIA-GeForce-9600M-GT
GPU,,Nvidia,GeForce GT 220M,395,2.24,238,http://gpu.userbenchmark.com/SpeedTest/11828/NVIDIA-GeForce-GT-220M
GPU,,Nvidia,GeForce GT 610,396,2.23,14349,http://gpu.userbenchmark.com/SpeedTest/7736/NVIDIA-GeForce-GT-610
GPU,,Intel,HD 3000 (Desktop V1 1.1 GHz),397,2.2,2078,http://gpu.userbenchmark.com/SpeedTest/7649/IntelR-HD-Graphics-3000
GPU,,Nvidia,Quadro 400,398,2.19,225,http://gpu.userbenchmark.com/SpeedTest/9363/NVIDIA-Quadro-400
GPU,,AMD,Radeon HD 7400M,399,2.15,1561,http://gpu.userbenchmark.com/SpeedTest/7817/AMD-Radeon-HD-7400M
GPU,,ATI,Mobility Radeon HD 2600-XT,400,2.14,73,http://gpu.userbenchmark.com/SpeedTest/9915/ATI-Mobility-Radeon-HD-2600-XT
GPU,,Intel,HD 3000 (Mobile V1 1.1/1.2 GHz),401,2.12,52462,http://gpu.userbenchmark.com/SpeedTest/7646/IntelR-HD-Graphics-3000
GPU,,Nvidia,GeForce 8600 GT,402,2.12,3361,http://gpu.userbenchmark.com/SpeedTest/7659/NVIDIA-GeForce-8600-GT
GPU,,ATI,HD 3650,403,2.11,1240,http://gpu.userbenchmark.com/SpeedTest/7982/ATI-Radeon-HD-3600
GPU,,AMD,Radeon HD 8330,404,2.1,1780,http://gpu.userbenchmark.com/SpeedTest/8155/AMD-Radeon-HD-8330
GPU,,Nvidia,GeForce 320M,405,2.08,196,http://gpu.userbenchmark.com/SpeedTest/9153/NVIDIA-GeForce-320M
GPU,,AMD,Radeon HD 6470M,406,2.08,1751,http://gpu.userbenchmark.com/SpeedTest/7679/AMD-Radeon-HD-6470M
GPU,,AMD,Radeon HD 6410D,407,2.07,667,http://gpu.userbenchmark.com/SpeedTest/8199/AMD-Radeon-HD-6410D
GPU,,Nvidia,GeForce 9600M-GS,408,2.05,305,http://gpu.userbenchmark.com/SpeedTest/9821/NVIDIA-GeForce-9600M-GS
GPU,,Nvidia,Quadro NVS 320M,409,2.04,68,http://gpu.userbenchmark.com/SpeedTest/8310/NVIDIA-Quadro-NVS-320M
GPU,,AMD,Radeon HD 7400G,410,2.01,99,http://gpu.userbenchmark.com/SpeedTest/10815/AMD-Radeon-HD-7400G
GPU,,AMD,Radeon HD 7450,411,2,1760,http://gpu.userbenchmark.com/SpeedTest/8053/AMD-RadeonTM-HD-7450
GPU,,ATI,Mobility FireGL V5700,412,1.99,103,http://gpu.userbenchmark.com/SpeedTest/10460/ATI-Mobility-FireGL-V5700
GPU,,Intel,HD 2500 (Desktop 1.05 GHz),413,1.99,22542,http://gpu.userbenchmark.com/SpeedTest/7696/IntelR-HD-Graphics
GPU,,AMD,Radeon HD 6450,414,1.96,6986,http://gpu.userbenchmark.com/SpeedTest/7821/AMD-Radeon-HD-6450
GPU,,Nvidia,Quadro FX 570M,415,1.87,195,http://gpu.userbenchmark.com/SpeedTest/9414/NVIDIA-Quadro-FX-570M
GPU,,Nvidia,GeForce 410M,416,1.85,932,http://gpu.userbenchmark.com/SpeedTest/9169/NVIDIA-GeForce-410M
GPU,,Intel,HD Graphics (G3 Pentium/Celeron 1.0/1.1 GHz),417,1.83,6289,http://gpu.userbenchmark.com/SpeedTest/7695/IntelR-HD-Graphics
GPU,,ATI,Mobility Radeon HD 3650,418,1.83,994,http://gpu.userbenchmark.com/SpeedTest/7902/ATI-Mobility-Radeon-HD-3650
GPU,,ATI,Radeon HD 2600-PRO,419,1.8,517,http://gpu.userbenchmark.com/SpeedTest/8524/ATI-Radeon-HD-2600-PRO
GPU,,Nvidia,NVS 310,420,1.76,698,http://gpu.userbenchmark.com/SpeedTest/10691/NVIDIA-NVS-310
GPU,,Nvidia,GeForce GT 320M,421,1.75,611,http://gpu.userbenchmark.com/SpeedTest/7796/NVIDIA-GeForce-GT-320M
GPU,,AMD,HD 8240,422,1.73,894,http://gpu.userbenchmark.com/SpeedTest/9779/AMD-Radeon-HD-8240
GPU,,Nvidia,Quadro FX 1700,423,1.69,769,http://gpu.userbenchmark.com/SpeedTest/9158/NVIDIA-Quadro-FX-1700
GPU,,Nvidia,GeForce 8600M GT,424,1.64,806,http://gpu.userbenchmark.com/SpeedTest/8081/NVIDIA-GeForce-8600M-GT
GPU,,Nvidia,GeForce GT 415M,425,1.61,19,http://gpu.userbenchmark.com/SpeedTest/16834/NVIDIA-GeForce-GT-415M
GPU,,ATI,Mobility Radeon HD 545v,426,1.59,271,http://gpu.userbenchmark.com/SpeedTest/8734/ATI-Mobility-Radeon-HD-545v
GPU,,ATI,Mobility Radeon HD 2600,427,1.59,348,http://gpu.userbenchmark.com/SpeedTest/10285/ATI-Mobility-Radeon-HD-2600
GPU,,AMD,Radeon HD 6370M,428,1.58,293,http://gpu.userbenchmark.com/SpeedTest/10005/AMD-Radeon-HD-6370M
GPU,,Nvidia,GeForce 310M,429,1.56,1959,http://gpu.userbenchmark.com/SpeedTest/8049/NVIDIA-GeForce-310M
GPU,,Nvidia,NVS 3100M,430,1.54,2950,http://gpu.userbenchmark.com/SpeedTest/7837/NVIDIA-NVS-3100M
GPU,,ATI,Mobility Radeon HD 5470,431,1.54,5015,http://gpu.userbenchmark.com/SpeedTest/7794/ATI-Mobility-Radeon-HD-5470
GPU,,Nvidia,GeForce 315M,432,1.53,666,http://gpu.userbenchmark.com/SpeedTest/10068/NVIDIA-GeForce-315M
GPU,,ATI,Mobility Radeon HD 4570,433,1.52,200,http://gpu.userbenchmark.com/SpeedTest/7827/ATI-Mobility-Radeon-HD-4570
GPU,,ATI,Mobility Radeon HD 6370,434,1.52,151,http://gpu.userbenchmark.com/SpeedTest/11239/ATI-Mobility-Radeon-HD-6370
GPU,,Nvidia,GeForce 9400 GT,435,1.52,2465,http://gpu.userbenchmark.com/SpeedTest/7963/NVIDIA-GeForce-9400-GT
GPU,,AMD,Radeon HD 6300M,436,1.51,802,http://gpu.userbenchmark.com/SpeedTest/9894/AMD-Radeon-HD-6300M
GPU,,ATI,Radeon HD 4550,437,1.49,900,http://gpu.userbenchmark.com/SpeedTest/8944/ATI-Radeon-HD-4550
GPU,,Nvidia,Quadro FX 380,438,1.49,299,http://gpu.userbenchmark.com/SpeedTest/8914/NVIDIA-Quadro-FX-380
GPU,,AMD,HD 8210,439,1.48,1179,http://gpu.userbenchmark.com/SpeedTest/7831/AMD-Radeon-HD-8210
GPU,,AMD,Radeon HD 6350,440,1.47,760,http://gpu.userbenchmark.com/SpeedTest/10261/AMD-Radeon-HD-6350
GPU,,AMD,Radeon HD 7350,441,1.45,284,http://gpu.userbenchmark.com/SpeedTest/12157/AMD-Radeon-HD-7350
GPU,,Nvidia,GeForce 310,442,1.44,793,http://gpu.userbenchmark.com/SpeedTest/9197/NVIDIA-GeForce-310
GPU,,ATI,Mobility Radeon HD 4500,443,1.44,2738,http://gpu.userbenchmark.com/SpeedTest/7949/ATI-Mobility-Radeon-HD-45005100
GPU,,Nvidia,GeForce G210M,444,1.38,395,http://gpu.userbenchmark.com/SpeedTest/8875/NVIDIA-GeForce-G210M
GPU,,ATI,Mobility Radeon HD 4350,445,1.36,390,http://gpu.userbenchmark.com/SpeedTest/9335/ATI-Mobility-Radeon-HD-43004500
GPU,,AMD,Radeon HD 5450,446,1.34,14661,http://gpu.userbenchmark.com/SpeedTest/7719/AMD-Radeon-HD-5450
GPU,,Nvidia,NVS 300,447,1.32,645,http://gpu.userbenchmark.com/SpeedTest/8966/NVIDIA-NVS-300
GPU,,ATI,Radeon HD 5400,448,1.3,2330,http://gpu.userbenchmark.com/SpeedTest/8063/ATI-Radeon-HD-5400
GPU,,AMD,FirePro 2270,449,1.29,136,http://gpu.userbenchmark.com/SpeedTest/7813/AMD-FirePro-2270
GPU,,ATI,Radeon HD 4300,450,1.27,3636,http://gpu.userbenchmark.com/SpeedTest/7860/ATI-Radeon-HD-43004500
GPU,,Intel,HD 2000 (Desktop 1.1 GHz),451,1.27,25764,http://gpu.userbenchmark.com/SpeedTest/7697/IntelR-HD-Graphics
GPU,,Nvidia,GeForce 305M,452,1.26,16,http://gpu.userbenchmark.com/SpeedTest/10705/NVIDIA-GeForce-305M
GPU,,Nvidia,GeForce G210,453,1.22,765,http://gpu.userbenchmark.com/SpeedTest/11784/NVIDIA-GeForce-G210
GPU,,Nvidia,GeForce 210,454,1.21,16343,http://gpu.userbenchmark.com/SpeedTest/7740/NVIDIA-GeForce-210
GPU,,AMD,Radeon HD 6320,455,1.2,1916,http://gpu.userbenchmark.com/SpeedTest/8103/AMD-Radeon-HD-6320-Graphics
GPU,,AMD,Radeon HD 7340,456,1.19,1178,http://gpu.userbenchmark.com/SpeedTest/8996/AMD-Radeon-HD-7340-Graphics
GPU,,Nvidia,GeForce 8600M GS,457,1.19,376,http://gpu.userbenchmark.com/SpeedTest/8192/NVIDIA-GeForce-8600M-GS
GPU,,Nvidia,GeForce 8500 GT,458,1.17,1965,http://gpu.userbenchmark.com/SpeedTest/7777/NVIDIA-GeForce-8500-GT
GPU,,ATI,Mobility Radeon HD 530v,459,1.16,103,http://gpu.userbenchmark.com/SpeedTest/10176/ATI-Mobility-Radeon-HD-530v
GPU,,Intel,HD Graphics (G2 Pentium/Celeron 1.1/1.15 GHz),460,1.13,10129,http://gpu.userbenchmark.com/SpeedTest/7699/IntelR-HD-Graphics
GPU,,Intel,Graphics Media Accelerator 3150,461,1.12,4,http://gpu.userbenchmark.com/SpeedTest/7678/IntelR-Graphics-Media-Accelerator-3150
GPU,,Intel,HD Graphics (Clarkdale 0.733/0.9 GHz),462,1.09,4950,http://gpu.userbenchmark.com/SpeedTest/7702/IntelR-HD-Graphics
GPU,,Nvidia,GeForce 8400M GT,463,1.08,124,http://gpu.userbenchmark.com/SpeedTest/10523/NVIDIA-GeForce-8400M-GT
GPU,,Nvidia,Quadro FX 570,464,1.08,438,http://gpu.userbenchmark.com/SpeedTest/8189/NVIDIA-Quadro-FX-570
GPU,,ATI,Mobility Radeon HD 4300,465,1.07,889,http://gpu.userbenchmark.com/SpeedTest/8572/ATI-Mobility-Radeon-HD-4300
GPU,,Intel,HD Graphics (Bay Trail 0.667 - 0.854 GHz),466,1.05,23755,http://gpu.userbenchmark.com/SpeedTest/7698/IntelR-HD-Graphics
GPU,,Nvidia,GeForce G105M,467,1.02,844,http://gpu.userbenchmark.com/SpeedTest/8400/NVIDIA-GeForce-G105M
GPU,,Nvidia,GeForce 9400M,468,1.01,207,http://gpu.userbenchmark.com/SpeedTest/7998/NVIDIA-GeForce-9400M
GPU,,AMD,Radeon HD 7310,469,1,1571,http://gpu.userbenchmark.com/SpeedTest/9174/AMD-Radeon-HD-7310-Graphics
GPU,,AMD,Radeon HD 6310,470,0.98,3048,http://gpu.userbenchmark.com/SpeedTest/7807/AMD-Radeon-HD-6310-Graphics
GPU,,Nvidia,GeForce 7900 GTX,471,0.96,91,http://gpu.userbenchmark.com/SpeedTest/10625/NVIDIA-GeForce-7900-GTX
GPU,,Nvidia,ION,472,0.89,500,http://gpu.userbenchmark.com/SpeedTest/7884/NVIDIA-ION
GPU,,Intel,HD Graphics (Arrandale 0.667/0.766 GHz),473,0.88,30276,http://gpu.userbenchmark.com/SpeedTest/7694/IntelR-HD-Graphics
GPU,,ATI,Radeon HD 4290,474,0.84,426,http://gpu.userbenchmark.com/SpeedTest/7847/ATI-Radeon-HD-4290
GPU,,ATI,Radeon 3100 Graphics,475,0.83,315,http://gpu.userbenchmark.com/SpeedTest/9910/ATI-Radeon-3100-Graphics
GPU,,ATI,Radeon HD 3300,476,0.82,289,http://gpu.userbenchmark.com/SpeedTest/7899/ATI-Radeon-HD-3300-Graphics
GPU,,Nvidia,Quadro NVS 295,477,0.82,529,http://gpu.userbenchmark.com/SpeedTest/12626/NVIDIA-Quadro-NVS-295
GPU,,Nvidia,Quadro NVS 140M,478,0.82,392,http://gpu.userbenchmark.com/SpeedTest/7946/NVIDIA-Quadro-NVS-140M
GPU,,AMD,Radeon HD 6290,479,0.8,653,http://gpu.userbenchmark.com/SpeedTest/7803/AMD-Radeon-HD-6290-Graphics
GPU,,Nvidia,GeForce 9300M GS,480,0.79,982,http://gpu.userbenchmark.com/SpeedTest/7759/NVIDIA-GeForce-9300M-GS
GPU,,Nvidia,Quadro NVS 160M,481,0.78,585,http://gpu.userbenchmark.com/SpeedTest/8249/NVIDIA-Quadro-NVS-160M
GPU,,Nvidia,GeForce 8400 GS,482,0.78,5817,http://gpu.userbenchmark.com/SpeedTest/7917/NVIDIA-GeForce-8400-GS
GPU,,Nvidia,GeForce 8400M GS,483,0.76,887,http://gpu.userbenchmark.com/SpeedTest/8560/NVIDIA-GeForce-8400M-GS
GPU,,Nvidia,Quadro NVS 450,484,0.76,173,http://gpu.userbenchmark.com/SpeedTest/7791/NVIDIA-Quadro-NVS-450
GPU,,Nvidia,Quadro NVS 290,485,0.75,656,http://gpu.userbenchmark.com/SpeedTest/8083/NVIDIA-Quadro-NVS-290
GPU,,ATI,Mobility Radeon HD 3400,486,0.74,2423,http://gpu.userbenchmark.com/SpeedTest/8480/ATI-Mobility-Radeon-HD-3400
GPU,,ATI,Radeon HD 4250,487,0.73,1824,http://gpu.userbenchmark.com/SpeedTest/7965/ATI-Radeon-HD-4250
GPU,,ATI,Radeon HD 3450,488,0.72,1284,http://gpu.userbenchmark.com/SpeedTest/7779/ATI-Radeon-HD-3450---Dell-Optiplex
GPU,,Nvidia,GeForce 9200M GS,489,0.72,345,http://gpu.userbenchmark.com/SpeedTest/9090/NVIDIA-GeForce-9200M-GS
GPU,,AMD,Radeon HD 6250,490,0.7,465,http://gpu.userbenchmark.com/SpeedTest/8472/AMD-Radeon-HD-6250-Graphics
GPU,,Nvidia,GeForce 7800 GTX,491,0.68,87,http://gpu.userbenchmark.com/SpeedTest/12348/NVIDIA-GeForce-7800-GTX
GPU,,AMD,Radeon HD 6250M,492,0.66,10,http://gpu.userbenchmark.com/SpeedTest/13446/AMD-Radeon-HD-6250M
GPU,,ATI,Radeon HD 4200,493,0.66,2901,http://gpu.userbenchmark.com/SpeedTest/8091/ATI-Radeon-HD-4200
GPU,,Nvidia,Quadro FX 4500,494,0.65,131,http://gpu.userbenchmark.com/SpeedTest/8032/NVIDIA-Quadro-FX-4500
GPU,,Nvidia,GeForce 7900 GS,495,0.65,242,http://gpu.userbenchmark.com/SpeedTest/8541/NVIDIA-GeForce-7900-GS
GPU,,ATI,FirePro 2260,496,0.65,102,http://gpu.userbenchmark.com/SpeedTest/9852/ATI-FirePro-2260
GPU,,Nvidia,GeForce 9300 GS,497,0.63,108,http://gpu.userbenchmark.com/SpeedTest/10867/NVIDIA-GeForce-9300-GS
GPU,,ATI,Radeon HD 2400-PRO,498,0.63,796,http://gpu.userbenchmark.com/SpeedTest/8931/ATI-Radeon-HD-2400-PRO
GPU,,Intel,4 Series Internal Chipset,499,0.63,486,http://gpu.userbenchmark.com/SpeedTest/9993/IntelR-4-Series-Internal-Chipset
GPU,,Nvidia,Quadro FX 3500,500,0.62,253,http://gpu.userbenchmark.com/SpeedTest/10152/NVIDIA-Quadro-FX-3500
GPU,,Intel,G45/G43 Express Chipset,501,0.62,2351,http://gpu.userbenchmark.com/SpeedTest/7728/IntelR-G45G43-Express-Chipset
GPU,,Intel,Q45/Q43 Express Chipset,502,0.6,6918,http://gpu.userbenchmark.com/SpeedTest/8195/IntelR-Q45Q43-Express-Chipset
GPU,,Intel,G41 Express Chipset,503,0.58,9164,http://gpu.userbenchmark.com/SpeedTest/7732/IntelR-G41-Express-Chipset
GPU,,ATI,Mobility Radeon HD 4250,504,0.58,3952,http://gpu.userbenchmark.com/SpeedTest/8680/ATI-Mobility-Radeon-HD-4250
GPU,,ATI,Mobility Radeon HD 2400,505,0.58,189,http://gpu.userbenchmark.com/SpeedTest/8548/ATI-Mobility-Radeon-HD-2400
GPU,,Nvidia,GeForce 7800 GT,506,0.57,98,http://gpu.userbenchmark.com/SpeedTest/8420/NVIDIA-GeForce-7800-GT
GPU,,Nvidia,GeForce 8200,507,0.54,385,http://gpu.userbenchmark.com/SpeedTest/11915/NVIDIA-GeForce-8200
GPU,,ATI,Radeon HD 3200,508,0.53,2105,http://gpu.userbenchmark.com/SpeedTest/8532/ATI-Radeon-HD-3200-Graphics
GPU,,ATI,Radeon 3000 Graphics,509,0.53,5106,http://gpu.userbenchmark.com/SpeedTest/7853/ATI-Radeon-3000-Graphics
GPU,,Nvidia,GeForce 8400M G,510,0.5,116,http://gpu.userbenchmark.com/SpeedTest/9009/NVIDIA-GeForce-8400M-G
GPU,,Nvidia,GeForce Go 7900,511,0.5,55,http://gpu.userbenchmark.com/SpeedTest/9175/NVIDIA-GeForce-Go-7900-GS
GPU,,Nvidia,GeForce 7600 GT,512,0.48,482,http://gpu.userbenchmark.com/SpeedTest/8028/NVIDIA-GeForce-7600-GT
GPU,,Nvidia,Quadro NVS 135M,513,0.47,211,http://gpu.userbenchmark.com/SpeedTest/7758/NVIDIA-Quadro-NVS-135M
GPU,,Intel,Mobile Series 4 Express Chipset Family,514,0.45,16179,http://gpu.userbenchmark.com/SpeedTest/7651/Mobile-IntelR-4-Series-Express-Chipset-Family
GPU,,Nvidia,GeForce 7800 GS,515,0.45,23,http://gpu.userbenchmark.com/SpeedTest/11875/NVIDIA-GeForce-7800-GS
GPU,,Nvidia,GeForce 8200M G,516,0.42,477,http://gpu.userbenchmark.com/SpeedTest/7912/NVIDIA-GeForce-8200M-G
GPU,,Nvidia,GeForce 6800,517,0.41,122,http://gpu.userbenchmark.com/SpeedTest/9825/NVIDIA-GeForce-6800
GPU,,Nvidia,Quadro FX 1500,518,0.37,197,http://gpu.userbenchmark.com/SpeedTest/11831/NVIDIA-Quadro-FX-1500
GPU,,AMD,Radeon X1650,519,0.37,288,http://gpu.userbenchmark.com/SpeedTest/10866/Radeon-X1650
GPU,,Nvidia,GeForce 7600 GS,520,0.34,468,http://gpu.userbenchmark.com/SpeedTest/11979/NVIDIA-GeForce-7600-GS
GPU,,Nvidia,GeForce 6100,521,0.34,341,http://gpu.userbenchmark.com/SpeedTest/9213/NVIDIA-GeForce-6100
GPU,,AMD,Radeon X1600,522,0.3,423,http://gpu.userbenchmark.com/SpeedTest/9407/Radeon-X1600-Series
GPU,,ATI,Mobility Radeon X1600,523,0.25,161,http://gpu.userbenchmark.com/SpeedTest/8748/ATI-Mobility-Radeon-X1600
GPU,,ATI,MOBILITY FireGL V5250,524,0.25,18,http://gpu.userbenchmark.com/SpeedTest/8385/ATI-MOBILITY-FireGL-V5250
GPU,,Nvidia,GeForce 6800 GS,525,0.24,55,http://gpu.userbenchmark.com/SpeedTest/10950/NVIDIA-GeForce-6800-GS
GPU,,Nvidia,Quadro FX 3450/4000 SDI,526,0.24,200,http://gpu.userbenchmark.com/SpeedTest/13072/NVIDIA-Quadro-FX-34504000-SDI
GPU,,Nvidia,GeForce 7300 GT,527,0.23,509,http://gpu.userbenchmark.com/SpeedTest/8156/NVIDIA-GeForce-7300-GT
GPU,,Nvidia,GeForce Go 7600,528,0.22,152,http://gpu.userbenchmark.com/SpeedTest/7872/NVIDIA-GeForce-Go-7600
GPU,,Nvidia,GeForce 6600 GT,529,0.2,208,http://gpu.userbenchmark.com/SpeedTest/8656/NVIDIA-GeForce-6600-GT
GPU,,Nvidia,GeForce 6600,530,0.16,356,http://gpu.userbenchmark.com/SpeedTest/8606/NVIDIA-GeForce-6600
GPU,,AMD,Radeon X1300,531,0.16,653,http://gpu.userbenchmark.com/SpeedTest/9011/Radeon-X1300X1550-Series
GPU,,AMD,Radeon X1550,532,0.16,242,http://gpu.userbenchmark.com/SpeedTest/11538/Radeon-X1550-64-bit
GPU,,ATI,Mobility Radeon X2300,533,0.14,145,http://gpu.userbenchmark.com/SpeedTest/8306/ATI-Mobility-Radeon-X2300
GPU,,Nvidia,GeForce 7300 GS,534,0.13,337,http://gpu.userbenchmark.com/SpeedTest/7782/NVIDIA-GeForce-7300-GS
GPU,,ATI,Mobility Radeon X1400,535,0.12,187,http://gpu.userbenchmark.com/SpeedTest/7829/ATI-Mobility-Radeon-X1400
GPU,,ATI,Mobility Radeon X1300,536,0.12,147,http://gpu.userbenchmark.com/SpeedTest/11505/ATI-Mobility-Radeon-X1300
GPU,,Nvidia,GeForce Go 7400,537,0.12,164,http://gpu.userbenchmark.com/SpeedTest/8618/NVIDIA-GeForce-Go-7400
GPU,,Nvidia,GeForce 7300 LE,538,0.11,515,http://gpu.userbenchmark.com/SpeedTest/7971/NVIDIA-GeForce-7300-LE
GPU,,Nvidia,Quadro NVS 440,539,0.1,58,http://gpu.userbenchmark.com/SpeedTest/10103/NVIDIA-Quadro-NVS-440
GPU,,Nvidia,GeForce Go 7300,540,0.09,236,http://gpu.userbenchmark.com/SpeedTest/7778/NVIDIA-GeForce-Go-7300
GPU,,Nvidia,GeForce 7300 SE,541,0.07,700,http://gpu.userbenchmark.com/SpeedTest/8767/NVIDIA-GeForce-7300-SE7200-GS
GPU,,Nvidia,GeForce 7100 GS,542,0.06,238,http://gpu.userbenchmark.com/SpeedTest/11594/NVIDIA-GeForce-7100-GS
GPU,,Nvidia,GeForce 6200,543,0.06,609,http://gpu.userbenchmark.com/SpeedTest/9463/NVIDIA-GeForce-6200
GPU,,Nvidia,GeForce 7100 / nForce 630i,544,0.06,433,http://gpu.userbenchmark.com/SpeedTest/8642/NVIDIA-GeForce-7100--NVIDIA-nForce-630i
GPU,,Nvidia,GeForce 7025 / nForce 630a,545,0.06,1886,http://gpu.userbenchmark.com/SpeedTest/9258/NVIDIA-GeForce-7025--NVIDIA-nForce-630a
GPU,,Nvidia,GeForce 7150M / nForce 630M,546,0.05,134,http://gpu.userbenchmark.com/SpeedTest/10312/NVIDIA-GeForce-7150M--nForce-630M
GPU,,Nvidia,GeForce 6150,547,0.05,450,http://gpu.userbenchmark.com/SpeedTest/10968/NVIDIA-GeForce-6150
GPU,,Nvidia,GeForce 6150SE nForce 430,548,0.05,2697,http://gpu.userbenchmark.com/SpeedTest/7763/NVIDIA-GeForce-6150SE-nForce-430
